,wavelength,R_LL,R_RR,R_pp,R_sp
0,3e-07,0.003615437035651042,4.5535850403793643e-07,0.0008531400420552788,0.0008914095533882268
1,3.012531328320802e-07,0.002251477620852223,1.2526506887032556e-05,0.000479963850244528,0.0006156346371226347
2,3.0250626566416036e-07,0.0009755616113298397,5.552509667510985e-05,0.00017667165773783643,0.00032685649282790293
3,3.037593984962406e-07,0.0001601469803883582,0.00011651324230923282,3.126567377716756e-05,0.00010980050624838451
4,3.050125313283208e-07,4.848637122712932e-05,0.00017823520533563793,8.790551991720474e-05,2.9036618044385958e-05
5,3.06265664160401e-07,0.0006890090225742952,0.00022402302394352938,0.0003354517921408079,0.0001111948897748852
6,3.075187969924812e-07,0.0019263367201662912,0.00024217091783039398,0.0007116794786394952,0.00033843242927704853
7,3.087719298245614e-07,0.0034489736161755114,0.0002286818752129126,0.001121387975232472,0.0006544630464228691
8,3.100250626566416e-07,0.004876233492599019,0.0001878283517809417,0.0014624093680245165,0.0009805381730338036
9,3.112781954887218e-07,0.0058574583795694005,0.00013058219164442894,0.0016517498881230086,0.001236236091461226
10,3.12531328320802e-07,0.00615725965265572,7.14940774619523e-05,0.0016451562266834982,0.0013594149347540877
11,3.1378446115288217e-07,0.00570827861199119,2.4924491040121806e-05,0.0014461915582574144,0.0013207654352861483
12,3.150375939849624e-07,0.004622894374770787,1.5952855938982445e-06,0.0011039288473543376,0.0011301777840283613
13,3.162907268170426e-07,0.0031641968079516507,6.258358826973107e-06,0.0007007070360617283,0.0008339889603337277
14,3.175438596491228e-07,0.0016837887971352483,3.693462627620466e-05,0.0003329614316135412,0.0005039311796779148
15,3.18796992481203e-07,0.0005400755160483593,8.576392400699711e-05,8.921414261620337e-05,0.0002202638091165184
16,3.2005012531328317e-07,1.528682424940247e-05,0.000141130531521673,2.996005099758222e-05,5.2958746393340516e-05
17,3.213032581453634e-07,0.00025079777534582474,0.00019047337690661494,0.00017406127560390245,4.546092925227158e-05
18,3.225563909774436e-07,0.0012164706483078036,0.00022309811628648264,0.0004949380112216605,0.0002049966033908584
19,3.238095238095238e-07,0.0027207831160623265,0.00023237879297530596,0.0009273618901732428,0.0005016173632861986
20,3.25062656641604e-07,0.004457300020865121,0.00021693157852643535,0.0013827889550184344,0.0008757349347532143
21,3.2631578947368417e-07,0.006073916546397736,0.0001806030621270712,0.0017690368606303514,0.00125175149052631
22,3.275689223057644e-07,0.007247393096548876,0.00013137754906366485,0.0020094831028248518,0.0015542459124337179
23,3.288220551378446e-07,0.007747283605427722,7.951836166984696e-05,0.0020578071104411294,0.0017231793620521697
24,3.300751879699248e-07,0.007478289973974773,3.538183848941078e-05,0.0019059453108380285,0.0017253641889542573
25,3.31328320802005e-07,0.006495685116935831,7.365820238772144e-06,0.0015845924625641414,0.001560487190613921
26,3.325814536340852e-07,0.004993145907938992,3.840825004505807e-07,0.001156822131100994,0.001260968758547498
27,3.338345864661654e-07,0.0032659886050127145,1.511870023329607e-05,0.0007062071010986361,0.0008858245014785607
28,3.350877192982456e-07,0.001656016006421634,4.812864974957651e-05,0.00032141873743240124,0.000509566056929324
29,3.363408521303258e-07,0.00048730336737831074,9.272273410157366e-05,7.982784073322695e-05,0.0002080597284317039
30,3.37593984962406e-07,4.703332191807356e-06,0.0001403706453719265,3.302314112809039e-05,4.3994700986472643e-05
31,3.388471177944862e-07,0.0003273497022630705,0.00018234892137514858,0.00019710174804714702,5.488981412274064e-05
32,3.401002506265664e-07,0.0014268776836323421,0.00021130594537111685,0.0005497948719691169,0.0002461281570597286
33,3.413533834586466e-07,0.0031345557291891637,0.0002224758868971554,0.0010350079521975206,0.000590357280187854
34,3.426065162907268e-07,0.005174678836922082,0.0002143596448388771,0.0015736110502991615,0.001033074924724446
35,3.43859649122807e-07,0.0072158215292865285,0.00018880040109418552,0.0020779409188616785,0.001502864399671333
36,3.451127819548872e-07,0.008928740947029527,0.00015049088520718645,0.0024669324689389083,0.0019239744861248604
37,3.463659147869674e-07,0.0100402081717147,0.00010604069660337361,0.0026791365794493617,0.002228869360668763
38,3.476190476190476e-07,0.010374774697683406,6.27923948525776e-05,0.0026817810296112035,0.0023688146324784393
39,3.488721804511278e-07,0.00987986684952602,2.759848236235685e-05,0.0024750398838116047,0.0023212007583435596
40,3.50125313283208e-07,0.008632459725985975,5.7583219088075e-06,0.002091466387379469,0.002092889396186571
41,3.513784461152882e-07,0.006827562561299677,2.7054072019614303e-07,0.0015910270712202012,0.0017193214963879696
42,3.526315789473684e-07,0.0047501936943485585,1.1492750447115124e-05,0.0010524596906463619,0.0012595091886978909
43,3.538847117794486e-07,0.002734012994618594,3.722872321548638e-05,0.0005619419864709438,0.0007874548546556684
44,3.5513784461152883e-07,0.0011116273496944952,7.319568045712006e-05,0.00020040942544522674,0.0003810518746770924
45,3.56390977443609e-07,0.0001635376005330813,0.00011377116001963286,3.125093441511431e-05,0.00011005307407694408
46,3.576441102756892e-07,7.396295147788225e-05,0.00015288659364916997,9.034748614932244e-05,2.5060763061198223e-05
47,3.588972431077694e-07,0.0009014329466026011,0.00018492566700277014,0.00038026317886556037,0.00014948335738137312
48,3.601503759398496e-07,0.002569610152350132,0.0002054982271121975,0.0008697343598511465,0.0004759064093781435
49,3.614035087719298e-07,0.004879728207268203,0.00021199036436938106,0.0014985449229544085,0.0009674279589548656
50,3.6265664160401e-07,0.007541554289867341,0.0002038319066336235,0.0021867534646525908,0.0015634836279379157
51,3.639097744360902e-07,0.01021639027162039,0.00018246692535267003,0.0028464312006527864,0.002188867529109078
52,3.651629072681704e-07,0.012564264343512727,0.00015105446927752672,0.0033938140408697926,0.0027642646888593543
53,3.6641604010025064e-07,0.014288155467242875,0.00011396038566916732,0.0037600552458319685,0.003216672062170251
54,3.6766917293233083e-07,0.015170079253907622,7.61232682720479e-05,0.003899370602413969,0.0034884478193837453
55,3.68922305764411e-07,0.01509612678940539,4.2386694296545193e-05,0.0037940167536159876,0.0035441780333663464
56,3.701754385964912e-07,0.01406931558216263,1.6886223606608087e-05,0.0034560280984777805,0.0033749190097701743
57,3.714285714285714e-07,0.01221010935130962,2.564958730414117e-06,0.0029258885096268795,0.0029995990297996622
58,3.726817042606516e-07,0.009744880846521859,8.688162719263204e-07,0.0022683872813004406,0.0024634815503011306
59,3.7393483709273183e-07,0.0069828835708249755,1.1645741803322603e-05,0.0015659316337065076,0.0018336970312927778
60,3.75187969924812e-07,0.004282932295857621,3.324576585188412e-05,0.0009096916761816745,0.0011920405750036488
61,3.764411027568922e-07,0.0020122206119603204,6.279453602732863e-05,0.0003892110411541755,0.000625558922924772
62,3.776942355889724e-07,0.0005014005325607096,9.659446639586217e-05,8.150015588740589e-05,0.00021588147022867258
63,3.7894736842105264e-07,1.6809500398437797e-06,0.0001305965562833758,4.100451276277909e-05,2.866334567179144e-05
64,3.802005012531328e-07,0.0006504955777492953,0.0001608827413984544,0.0002920097454306681,0.0001047271347527905
65,3.81453634085213e-07,0.00245159132894849,0.00018410280163872673,0.000824841994153401,0.00045436108207436675
66,3.827067669172932e-07,0.005273052714888093,0.0001978200021481925,0.0015966124974462282,0.0010557177855423099
67,3.839598997493734e-07,0.008863366270072595,0.00020073391604773344,0.0025363868485116744,0.001857480105029301
68,3.852130325814536e-07,0.012882211609826943,0.00019276519092222398,0.00355380845068845,0.0027851611702119985
69,3.864661654135338e-07,0.016940326864239783,0.00017500335670405146,0.00454964836678416,0.0037498325421869362
70,3.87719298245614e-07,0.020642129370822108,0.00014953337306014726,0.005426635416324026,0.004657871802585466
71,3.889724310776942e-07,0.023625669456405433,0.00011916812668744227,0.006099203831630531,0.005420473819808648
72,3.9022556390977444e-07,0.02559631085249714,8.712164332485749e-05,0.006501306632553246,0.0059620408579209565
73,3.9147869674185463e-07,0.026352459657100966,5.6661011908003865e-05,0.006591968466637535,0.006226977230792903
74,3.927318295739348e-07,0.025803080119909772,3.077404368748187e-05,0.006358629846539626,0.006184723060889366
75,3.93984962406015e-07,0.023977360268778225,1.1885032708784451e-05,0.005818495193307453,0.005833002992260487
76,3.952380952380952e-07,0.021026777528552736,1.643485327082153e-06,0.005018057067052459,0.00519924808571678
77,3.964912280701754e-07,0.017219252179596266,8.013839643292405e-07,0.0040308062317124405,0.004340034634430712
78,3.9774436090225563e-07,0.012924478550674136,9.184558679226752e-06,0.0029529612517707137,0.0033382639896766286
79,3.989974937343358e-07,0.008589336489984625,2.5754129431338552e-05,0.0018969788006387945,0.0022977833549082094
80,4.00250626566416e-07,0.004702887476417861,4.874567109833312e-05,0.000982734640890004,0.0013353057641409796
81,4.0150375939849625e-07,0.0017520263896742374,7.586742800937314e-05,0.00032664001831396737,0.0005698697736868486
82,4.0275689223057644e-07,0.0001712092114508703,0.00010453496903600251,2.953173640883453e-05,0.00011064550771197786
83,4.0401002506265663e-07,0.0002921799748928403,0.0001321182408930083,0.00016478596894777575,4.4499277366740526e-05
84,4.052631578947368e-07,0.0023013064120959463,0.00015617789558253193,0.0007685103724088814,0.000425147952454521
85,4.06516290726817e-07,0.006212053801237828,0.00017467068095154158,0.0018336288739730939,0.0012657418696083358
86,4.077694235588972e-07,0.011857861639466711,0.00018610810004076076,0.003309087885196354,0.002536206798016604
87,4.0902255639097744e-07,0.01890670638923991,0.00018965791092374738,0.005104405682401818,0.004165752986237836
88,4.1027568922305763e-07,0.02689420234666608,0.0001851837944587723,0.0070986815165940045,0.006049913606405312
89,4.115288220551378e-07,0.03526871492285362,0.00017322414035979923,0.009152355836176936,0.0080606582487268
90,4.12781954887218e-07,0.04344066397864037,0.0001549159380849796,0.011119721223817101,0.01005778654807926
91,4.1403508771929825e-07,0.050829110758383325,0.00013187384745604082,0.012860450255187667,0.011899982966594601
92,4.1528822055137844e-07,0.056901173701520986,0.00010603741697740093,0.014249053628702423,0.013454456431670557
93,4.165413533834586e-07,0.06120277424933755,7.950099178557472e-05,0.015181945477325641,0.014604761144583952
94,4.177944862155388e-07,0.06338177088579917,5.4341106832820185e-05,0.015582444752200414,0.01525698643610475
95,4.19047619047619e-07,0.06320618375210509,3.245520202431353e-05,0.015404454427719988,0.015344891006671796
96,4.203007518796992e-07,0.06058080771164727,1.542351896771537e-05,0.014635703046654024,0.014834704684635774
97,4.2155388471177943e-07,0.05556513294955709,4.403298353519307e-06,0.013301327857208788,0.01373024250294812
98,4.228070175438596e-07,0.04839423766930617,6.118052211197256e-08,0.011468253632467158,0.012078690918546141
99,4.2406015037593987e-07,0.03950220745197381,2.5463148701356502e-06,0.009250284780161344,0.00997693544751221
100,4.2531328320802005e-07,0.029544642142593384,1.1503386794669727e-05,0.006813077184934653,0.007577592282983523
101,4.2656641604010024e-07,0.019413043327653066,2.6121820610906646e-05,0.004377221304387992,0.005093005694645225
102,4.2781954887218043e-07,0.010229918615674625,4.521501246592457e-05,0.0022166974130723776,0.0027945144068151706
103,4.290726817042606e-07,0.003310742756957085,6.732173068778732e-05,0.0006493168634280654,0.0010036196075004478
104,4.303258145363408e-07,7.992914881674427e-05,9.082086990048892e-05,1.604008778618987e-05,7.189666658095767e-05
105,4.31578947368421e-07,0.0019354759084110498,0.00011405056567307118,0.0006479373611480255,0.0003482657942169459
106,4.3283208020050124e-07,0.01007217905727518,0.00013542319622346396,0.002823311120077403,0.002135892254587085
107,4.3408521303258143e-07,0.02529323755029673,0.00015352886848775583,0.006722363584695374,0.005645827125112184
108,4.353383458646616e-07,0.047856196160820805,0.00016722140976901972,0.01239066714625547,0.010958486556662983
109,4.3659147869674186e-07,0.07740050063599307,0.00017568247237706932,0.019722900582152383,0.018004529885134304
110,4.3784461152882205e-07,0.11298455277082403,0.0001784609862674659,0.028473451791783042,0.026572143101899346
111,4.3909774436090224e-07,0.15322591586654233,0.00017548683102877225,0.03829205758695321,0.03633950784106896
112,4.4035087719298243e-07,0.19650544046494403,0.00016705924577837863,0.04877465439550168,0.04692321959229816
113,4.416040100250626e-07,0.2411806214718699,0.0001538121070562081,0.05951595853072345,0.057929528859220106
114,4.428571428571428e-07,0.28576053137355495,0.00013665965227730825,0.07015215646656683,0.06899681927290441
115,4.44110275689223e-07,0.329016527927753,0.00011672734768980531,0.08038752623269078,0.07982292053980937
116,4.4536340852130324e-07,0.37002665651480043,9.527327931365466e-05,0.0900046396281328,0.0901765709236511
117,4.4661654135338343e-07,0.40816776799086224,7.36056562796767e-05,0.09886170627897657,0.09989627649505742
118,4.4786967418546367e-07,0.44307530798815875,5.300180768269137e-05,0.10688202398235364,0.10888130920284315
119,4.4912280701754386e-07,0.4745890477850094,3.4633512427906895e-05,0.1140400433624016,0.11707922931238196
120,4.5037593984962405e-07,0.5026977906469381,1.9502716857566845e-05,0.1203472456693446,0.1244730826062491
121,4.5162907268170424e-07,0.5274904790695216,8.390748437821675e-06,0.12583964795729652,0.13107007882456764
122,4.528822055137844e-07,0.5491167491181309,1.823097119158185e-06,0.13056767646251619,0.13689249911752124
123,4.541353383458646e-07,0.567757201640155,5.077415434468858e-08,0.13458847258265158,0.14197090384393307
124,4.553884711779448e-07,0.5836022295358549,3.0482308676879213e-06,0.13796034963871742,0.1463393602829097
125,4.5664160401002505e-07,0.5968377167730886,1.0526880481441094e-05,0.14073899321224115,0.15003227891913484
126,4.5789473684210523e-07,0.6076359157442207,2.1962459348715587e-05,0.14297499655592774,0.15308244266113816
127,4.591478696741855e-07,0.616150039467741,3.6633823614375214e-05,0.14471237809244056,0.15551986889725586
128,4.6040100250626567e-07,0.6225114097798349,5.367032478307373e-05,0.14598780058145694,0.15737121946184518
129,4.6165413533834585e-07,0.6268282980605856,7.210465141333834e-05,0.14683028109602383,0.15865954749943023
130,4.6290726817042604e-07,0.6291858466876318,9.092796039287079e-05,0.1472612395037708,0.15940423403226475
131,4.6416040100250623e-07,0.629646659593103,0.0001091442354652959,0.1472947791536339,0.15962101850299665
132,4.654135338345864e-07,0.6282518038348728,0.00012582107961237146,0.1469381283468591,0.1593220675655698
133,4.666666666666666e-07,0.6250220803422912,0.00014013454209316762,0.1461921973644149,0.15851605701884783
134,4.6791979949874685e-07,0.6199595108485745,0.00015140606713898703,0.1450522258276655,0.1572082653101057
135,4.6917293233082704e-07,0.6130490581121,0.00015913019494713507,0.14350851111558247,0.15540069553062374
136,4.7042606516290723e-07,0.604260654557814,0.00016299221289550408,0.1415472220625929,0.15309225791125095
137,4.7167919799498747e-07,0.5935516649494144,0.0001628755145665008,0.13915131426618285,0.15027905763132823
138,4.7293233082706766e-07,0.5808699537479328,0.0001588589488065484,0.13630157449402278,0.14695484384064603
139,4.7418546365914785e-07,0.5661577667740835,0.00015120490805471838,0.1329778316790433,0.14311168504816235
140,4.7543859649122804e-07,0.5493566656550931,0.00014033929718226647,0.12916037981444153,0.13874094249503438
141,4.7669172932330823e-07,0.5304137641193343,0.00012682482927226562,0.12483166173035241,0.13383461478209488
142,4.779448621553884e-07,0.5092894943569923,0.00011132930658607396,0.11997825913696473,0.12838712055570237
143,4.791979949874686e-07,0.4859670609506354,9.459066199821373e-05,0.11459321915265373,0.1223975667731661
144,4.804511278195488e-07,0.46046359650479196,7.738056150472242e-05,0.10867871554960679,0.11587251209942549
145,4.81704260651629e-07,0.43284279336827025,6.046830906825906e-05,0.10224898876497727,0.10882917214669151
146,4.829573934837093e-07,0.4032284325206333,4.45866613123503e-05,0.09533342856155216,0.10129892093956873
147,4.842105263157895e-07,0.37181776546728823,3.040096408971052e-05,0.08797955776417514,0.09333082131161011
148,4.854636591478697e-07,0.338893165450786,1.8482779978343445e-05,0.08025555378500379,0.08499477523320192
149,4.867167919799498e-07,0.3048299416183594,9.288900232122478e-06,0.07225182804465996,0.07638374647757015
150,4.8796992481203e-07,0.2700978580336162,3.1463413685080444e-06,0.0640811075432507,0.067614412090534
151,4.892230576441102e-07,0.23525392243096058,2.4362920643505094e-07,0.055876474413364366,0.0588255986483513
152,4.904761904761904e-07,0.20092461163805392,6.283840886043451e-07,0.047786964407660684,0.05017400783699265
153,4.917293233082707e-07,0.167776997616387,4.210950876776575e-06,0.039970629002804965,0.04182706500010427
154,4.929824561403509e-07,0.13648015178065787,1.077357523369668e-05,0.03258540802770648,0.033953215873961905
155,4.942355889724311e-07,0.1076603921704651,1.9984421698725053e-05,0.025778659532407603,0.02671056404514915
156,4.954887218045113e-07,0.08185581974994295,3.141556618969784e-05,0.019676617190531577,0.020235236273094228
157,4.967418546365915e-07,0.05947652056965727,4.456398167022297e-05,0.014375245434050513,0.014631116889283454
158,4.979949874686717e-07,0.040776339446234676,5.887447451155435e-05,0.00993383834354275,0.009962486691457485
159,4.992481203007518e-07,0.025840239278946985,7.376352090530713e-05,0.006372259957473103,0.006250626977315238
160,5.00501253132832e-07,0.014588425192207651,8.864299378383906e-05,0.0036720645570899988,0.0034747249932544993
161,5.017543859649122e-07,0.006795439225855841,0.00010294285347017037,0.0017810523924659469,0.0015766491270388762
162,5.030075187969924e-07,0.0021201283098599474,0.00011613198969686208,0.0006202942981639977,0.00046856039259145514
163,5.042606516290726e-07,0.00014126229746059635,0.0001277365382431294,9.241115908513637e-05,4.202486807830512e-05
164,5.055137844611528e-07,0.0003936958431730146,0.00013735514299055248,8.993273166540101e-05,0.00017731042077462691
165,5.067669172932331e-07,0.002401021323633221,0.00014467078641548488,0.0005028115075174541,0.0007518140538676628
166,5.080200501253133e-07,0.005702166881208529,0.00014945896296499143,0.0012245187021570057,0.0016469502832152565
167,5.092731829573935e-07,0.009870898304876372,0.00015159211616653362,0.0021564963910847518,0.0027532183685249536
168,5.105263157894736e-07,0.014528382874547963,0.00015104039805342802,0.003211013707421049,0.003973477721294399
169,5.117794486215538e-07,0.019349745428158444,0.00014786893517718705,0.004312649168735048,0.00522466352006228
170,5.13032581453634e-07,0.024065910917758785,0.00014223189601842172,0.0053987012096933925,0.006438272236806897
171,5.142857142857142e-07,0.028462079769000108,0.00013436374733860628,0.006418837758166205,0.0075599634522451765
172,5.155388471177945e-07,0.03237403913950358,0.00012456815992680512,0.007334260406384812,0.008548589758581538
173,5.167919799498747e-07,0.03568327668409072,0.00011320507610157186,0.00811660290706427,0.009374906980712751
174,5.180451127819549e-07,0.03831160654801744,0.00010067648188854324,0.008746724000018304,0.010020151318819776
175,5.192982456140351e-07,0.04021578333698565,8.741143651857799e-05,0.009213500711382678,0.010474609700602308
176,5.205513784461153e-07,0.04138238883294917,7.385090200955802e-05,0.009512684681881687,0.010736260012066148
177,5.218045112781955e-07,0.04182313299735565,6.043288796524597e-05,0.009645851697302733,0.010809520350647774
178,5.230576441102756e-07,0.04157061159106965,4.7578383665327255e-05,0.009619452425268115,0.010704120179029532
179,5.243107769423558e-07,0.040674500133064985,3.567849370501381e-05,0.009443958613469241,0.010434089431465825
180,5.25563909774436e-07,0.0391981297479774,2.508312773920876e-05,0.009133091738146295,0.010016852188817456
181,5.268170426065162e-07,0.03721537725048932,1.6091522265895314e-05,0.008703118555127025,0.00947240760442155
182,5.280701754385964e-07,0.03480780335261481,8.94479579037671e-06,0.008172198747231215,0.008822580743466887
183,5.293233082706767e-07,0.03206198417703584,3.820660983390177e-06,0.007559772728114888,0.008090328616676547
184,5.305764411027569e-07,0.029066998368110396,8.303412137618862e-07,0.006885981747326575,0.007299090925300669
185,5.318295739348371e-07,0.02591205183539627,1.766647270094689e-08,0.00617111702293126,0.006472180060170182
186,5.330827067669173e-07,0.022684241924724333,1.360257253431773e-06,0.005435099120047239,0.0056322100217848295
187,5.343358395989975e-07,0.019466480410060865,4.772646090858189e-06,0.004696992716154533,0.00480056856750499
188,5.355889724310776e-07,0.01633560837130619,1.0111136492735126e-05,0.00397456486662374,0.003996940565155899
189,5.368421052631578e-07,0.013360744468324469,1.718015880154145e-05,0.003283896635033069,0.003238892876707572
190,5.380952380952381e-07,0.010601910588235895,2.573985261376737e-05,0.002639058336544413,0.002541531890542215
191,5.393483709273183e-07,0.008108975204539728,3.551458587525237e-05,0.0020518576533768867,0.001917244010523946
192,5.406015037593985e-07,0.005920945568249965,4.6202111441534124e-05,0.0015316676575251912,0.0013755271136346155
193,5.418546365914787e-07,0.0040656261806282295,5.748306221104385e-05,0.0010853385861713052,0.0009229174880603053
194,5.431077694235589e-07,0.002559644469816796,6.903049511216051e-05,0.0007171934272392963,0.0005630124727097508
195,5.443609022556391e-07,0.0014088270680114626,8.051921125023275e-05,0.00042910340579325394,0.00029658442570107125
196,5.456140350877193e-07,0.0006088934384567785,9.163460324312728e-05,0.0002206357335799448,0.0001217772529362739
197,5.468671679197994e-07,0.0001464194871465179,0.00010208080993225456,8.926285605072338e-05,3.4372974274365654e-05
198,5.481203007518796e-07,1.3449933258792547e-08,0.00011158799194838801,3.06201688363671e-05,2.8113032423224634e-05
199,5.493734335839598e-07,0.00014164047261027715,0.00011991857772724267,3.8797922758878946e-05,9.505745589285168e-05
200,5.5062656641604e-07,0.0005380310347990049,0.00012687236724501412,0.00010665281120092483,0.0002259646188862088
201,5.518796992481202e-07,0.0011521113337783372,0.0001322904187839571,0.0002261254425514591,0.00041067510706552246
202,5.531328320802004e-07,0.0019444001775409346,0.0001360576813586693,0.00038855136631621976,0.0006384849013086251
203,5.543859649122807e-07,0.002874325837947246,0.00013810437106801554,0.0005849553182458275,0.0008984954685636024
204,5.556390977443609e-07,0.003901426609061784,0.0001384061227610591,0.0008063206377756979,0.0011799311129624998
205,5.568922305764411e-07,0.00498640948808281,0.00013698297833766458,0.0010438281668449583,0.0014724168185248111
206,5.581453634085213e-07,0.006092051594044025,0.00013389729921352105,0.0012890611773256784,0.0017662125755403672
207,5.593984962406014e-07,0.007183938029114213,0.0001292507125808905,0.0015341748590759275,0.002052402652135313
208,5.606516290726817e-07,0.008231037471025812,0.00012318021884668984,0.0017720305488106258,0.0023230403394695173
209,5.619047619047619e-07,0.009206122685113234,0.00011585360091779174,0.001996296156676222,0.002571250311638189
210,5.631578947368421e-07,0.010086047365718375,0.00010746428484073257,0.002201515157431731,0.0027912918975782396
211,5.644110275689223e-07,0.01085189339971919,9.822580581258333e-05,0.0023831470901298692,0.002978587297332152
212,5.656641604010025e-07,0.01148900401639138,8.836603397846733e-05,0.002537582805800808,0.0031297191483617252
213,5.669172932330827e-07,0.011986918616752957,7.812131101925167e-05,0.0026621377767781333,0.0032424019310817397
214,5.681704260651629e-07,0.012339224637766323,6.773064168232593e-05,0.0027550266944889427,0.0033154315709449287
215,5.694235588972431e-07,0.01254334085923288,5.743007453554383e-05,0.0028153223904140577,0.003348617317434784
216,5.706766917293233e-07,0.012600245325635586,4.744739379523582e-05,0.0028429018649340524,0.0033426996194024427
217,5.719298245614034e-07,0.012514159709749546,3.799722957461004e-05,0.002838381938448942,0.0032992573210881538
218,5.731829573934836e-07,0.012292200622077755,2.9276677819568542e-05,0.0028030467759021806,0.003220607111468681
219,5.744360902255638e-07,0.011944007159011156,2.1461504035294056e-05,0.0027387692975223473,0.0031096977970861057
220,5.75689223057644e-07,0.011481352933347464,1.4702987148692628e-05,0.0026479282847396233,0.002970001650456228
221,5.769423558897242e-07,0.010917749961427737,9.125441951236675e-06,0.0025333228235457418,0.0028054048188153164
222,5.781954887218045e-07,0.010268051084246999,4.824440958383457e-06,0.002398085595431496,0.0026200985604778403
223,5.794486215538847e-07,0.009548057049644003,1.865739590424268e-06,0.0022455964221579426,0.0024184729022758626
224,5.807017543859649e-07,0.008774133941293788,2.848926687406653e-07,0.002079397386364644,0.002205014171732596
225,5.819548872180451e-07,0.007962846263973028,8.7535624887499e-08,0.001903110775788548,0.001984207740141785
226,5.832080200501254e-07,0.007130610638845396,1.2502907754750788e-06,0.0017203610250850598,0.0017604472054529214
227,5.844611528822055e-07,0.006293374686367891,3.7222477094556794e-06,0.0015347017474069032,0.0015379511353993932
228,5.857142857142857e-07,0.00546632524391598,7.426957395146687e-06,0.001349548851149357,0.0013206883719952634
229,5.869674185463659e-07,0.004663629556073263,1.226487211936572e-05,0.001168120620986869,0.0011123127611852028
230,5.882205513784461e-07,0.003898212474592794,1.8116157845526303e-05,0.0009933855043598432,0.000916108011849946
231,5.894736842105263e-07,0.003181572010912645,2.4843802000365508e-05,0.0008280181853101182,0.0007349432055004355
232,5.907268170426065e-07,0.0025236348066320865,3.229693800522373e-05,0.0006743643497774161,0.0005712392738893568
233,5.919799498746867e-07,0.001932652246338235,4.0314307956163826e-05,0.0005344143550303035,0.00042694654126039787
234,5.932330827067669e-07,0.001415137060256702,4.872778659331401e-05,0.00040978581720945865,0.00030353319810517087
235,5.944862155388471e-07,0.0009758393842644522,5.736589292503702e-05,0.0003017149324610029,0.00020198434271552227
236,5.957393483709272e-07,0.0006177603970315413,6.605722040538397e-05,0.00021105615659413243,0.0001228110048527581
237,5.969924812030074e-07,0.0003422008730080386,7.46337222128876e-05,0.00013828969314766613,6.606836179863862e-05
238,5.982456140350876e-07,0.0001488413068333582,8.29337947416016e-05,8.353608686734121e-05,3.138217937125488e-05
239,5.994987468671678e-07,3.584970508943639e-05,9.080510968708114e-05,4.6577094264267194e-05,1.7982366190306995e-05
240,6.007518796992481e-07,1.2723477755037128e-08,9.81071528907125e-05,2.6881908912506703e-05,2.4742423631820505e-05
241,6.020050125313283e-07,3.68855615956787e-05,0.00010471343619582386,2.363775841434757e-05,5.022350937873592e-05
242,6.032581453634085e-07,0.0001409559152854044,0.00011051335678613565,3.578386268596111e-05,9.272180981513136e-05
243,6.045112781954887e-07,0.00030581732188730804,0.00011541368664604908,6.204774787922248e-05,0.00015031793411328037
244,6.057644110275689e-07,0.0005243474036564452,0.00011933968274808098,0.00010098294391384043,0.00022092709719929212
245,6.070175438596492e-07,0.0007888868007035088,0.00012223581619339152,0.0001510071521866309,0.0003023489448125429
246,6.082706766917293e-07,0.0010914149649765507,0.0001240661256879967,0.00021044004875116952,0.00039231598548982474
247,6.095238095238095e-07,0.0014237194369101092,0.00012481420732686127,0.000277539981941007,0.000488539724823429
248,6.107769423558897e-07,0.0017775557219948024,0.00012448285859784186,0.00035053892683911133,0.0005887537399565351
249,6.120300751879699e-07,0.002144795402345895,0.0001230933997455351,0.00042767516724942115,0.000690753080468567
250,6.132832080200501e-07,0.002517560637299956,0.00012068470010602196,0.0005072232844750688,0.0007924295296592323
251,6.145363408521303e-07,0.0028883437091588105,0.00011731194070999435,0.0005875211375081817,0.0008918024027008442
252,6.157894736842105e-07,0.003250110740995515,0.00011304514734493913,0.0006669936181923016,0.00098704469112372
253,6.170426065162907e-07,0.0035963891422343863,0.00010796753037077272,0.00074417305533694,0.0010765044836062497
254,6.182957393483709e-07,0.003921338717451154,0.00010217366891573067,0.0008177162222024546,0.001158721699058972
255,6.19548872180451e-07,0.004219806700767622,9.576757767353514e-05,0.0008864179714797628,0.001232440258474307
256,6.208020050125312e-07,0.004487367251500533,8.886069441731845e-05,0.0009492215807150341,0.0012966158967319644
257,6.220551378446114e-07,0.004720346167860374,8.156982559453483e-05,0.0010052259393819201,0.0013504198749651065
258,6.233082706766916e-07,0.004915831747806366,7.401508602299466e-05,0.001053689747174664,0.001393238899174735
259,6.245614035087719e-07,0.005071672854172468,6.631786684113759e-05,0.0010940329224946174,0.0014246715828819972
260,6.258145363408521e-07,0.005186465330199032,5.8598863536954187e-05,0.001125835441601877,0.001444521812289336
261,6.270676691729323e-07,0.005259527967215692,5.097619316449753e-05,0.001148833843611052,0.0014527893833519933
262,6.283208020050125e-07,0.005290869253960513,4.356362682503671e-05,0.0011629156455199513,0.0014496582829957594
263,6.295739348370928e-07,0.00528114614211406,3.646896021228259e-05,0.0011681119157933141,0.0014354829830244646
264,6.30827067669173e-07,0.005231616049732757,2.9792541571089757e-05,0.0011645882555816605,0.0014107731064639277
265,6.320802005012532e-07,0.005144083297458059,2.3625972862338853e-05,0.0011526344342221095,0.001376176813425025
266,6.333333333333333e-07,0.005020841134978438,1.8050996330304763e-05,0.0011326529208711192,0.0013324632380755624
267,6.345864661654135e-07,0.0048646104698885344,1.3138575094214097e-05,0.0011051465474535397,0.0012805042908153523
268,6.358395989974937e-07,0.004678476359817911,8.948172888007418e-06,0.0010707055299545452,0.001221256120888212
269,6.370927318295739e-07,0.004465823272892004,5.527234704375846e-06,0.00102999406567503,0.0011557405148971884
270,6.383458646616541e-07,0.0042302700621707325,2.910866905891406e-06,0.0009837367135964571,0.00108502648631835
271,6.395989974937343e-07,0.003975605537216053,1.1217123866661946e-06,0.000932704753545273,0.0010102122903226662
272,6.408521303258145e-07,0.003705725450626672,1.700136364165154e-07,0.0008777027074630909,0.0009324080771057655
273,6.421052631578947e-07,0.0034245716493584827,5.385410116306257e-08,0.0008195551928119505,0.0008527193755280873
274,6.433583959899749e-07,0.003136074069908875,7.595660721365766e-07,0.0007590942639739472,0.0007722315771817306
275,6.44611528822055e-07,0.0028440961830557485,2.2622914807203244e-06,0.0006971473824956308,0.0006919955690208958
276,6.458646616541352e-07,0.002552384417876535,4.5266804409950015e-06,0.0006345261412089386,0.0006130146404301348
277,6.471177944862155e-07,0.0022645220164976727,7.50771116525233e-06,0.0005720158507280959,0.0005362327680924534
278,6.483709273182957e-07,0.001983887690831946,1.1151613979019182e-05,0.0005103660796916164,0.00046252435934081987
279,6.496240601503759e-07,0.0017136193710164407,1.539688157344972e-05,0.0004502822225404498,0.00039268551195213854
280,6.508771929824561e-07,0.0014565832531310793,2.017534734242179e-05,0.0003924181507948128,0.00032742682574681415
281,6.521303258145363e-07,0.0012153482719504843,2.541331364385653e-05,0.0003373699859319,0.0002673677791012198
282,6.533834586466166e-07,0.0009921660439693235,3.1032712080902425e-05,0.0002856710143106737,0.00021303266181636662
283,6.546365914786968e-07,0.000788956247881054,3.6952278396713886e-05,0.00023778774740694503,0.00016484803498727639
284,6.55889724310777e-07,0.0006072973351859209,4.3088725294174185e-05,0.00019411711415993023,0.00012314166887240655
285,6.571428571428571e-07,0.0004484223938119251,4.935789740167442e-05,0.00015498475674913026,8.814289155670854e-05
286,6.583959899749373e-07,0.00031321992360126453,5.567589368454405e-05,0.00012064438685248877,5.9984264708184084e-05
287,6.596491228070175e-07,0.00020223922520487913,6.196014381929086e-05,9.127814658823598e-05,3.870448819031327e-05
288,6.609022556390977e-07,0.00011570005415055753,6.813042638005248e-05,6.699790709522216e-05,2.425242291797775e-05
289,6.621553884711779e-07,5.350615022799222e-05,7.410981810430684e-05,4.784742818503932e-05,1.6492111290245476e-05
290,6.634085213032581e-07,1.5262219300203353e-05,7.98255649861247e-05,3.380529480529923e-05,1.520866690319402e-05
291,6.646616541353383e-07,2.939204114375125e-07,8.520986746014834e-05,2.4788540217613292e-05,2.0114900084884634e-05
292,6.659147869674185e-07,7.67039561758126e-06,9.020057346958941e-05,2.065686182869505e-05,3.0858543088207606e-05
293,6.671679197994987e-07,3.622887309849603e-05,9.474177473154014e-05,2.121733345937614e-05,4.702993845287401e-05
294,6.684210526315788e-07,8.46008754167061e-05,9.87843030054245e-05,2.6229517418287892e-05,6.817005597967948e-05
295,6.69674185463659e-07,0.00015123957368490615,0.00010228612461388311,3.541088093571785e-05,9.377870777439462e-05
296,6.709273182957393e-07,0.00023444784417428008,0.00010521263284886303,4.844242416526602e-05,0.00012332283670196955
297,6.721804511278195e-07,0.00033240660570392646,0.00010753683919874577,6.497443089728464e-05,0.00015624476110036626
298,6.734335839598997e-07,0.00044320304309231865,0.00010923946554977224,8.46322581677776e-05,0.00019197026747176738
299,6.746867167919799e-07,0.0005648583530686727,0.00011030894063040765,0.00010702208688830988,0.00022991645282008556
300,6.759398496240601e-07,0.0006953546833729009,0.00011074130497895056,0.00013173656227264132,0.0002694992290582337
301,6.771929824561404e-07,0.0008326609723727541,0.00011054002961212164,0.00015836025999894492,0.0003101404131929954
302,6.784461152882206e-07,0.0009747574344899845,0.00010971575435349688,0.00018647492153979958,0.0003512743385488511
303,6.796992481203008e-07,0.0011196584752217458,0.00010828595244427452,0.0002156644097452102,0.0003923539338745832
304,6.809523809523809e-07,0.0012654338578022152,0.0001062745286027573,0.0002455193434192119,0.0004328562285706483
305,6.822055137844611e-07,0.0014102279809258109,0.00010371135812421687,0.00027564137716189674,0.0004722872532932327
306,6.834586466165413e-07,0.0015522771628630444,0.0001006317749240287,0.0003056471000275915,0.000510186315671624
307,6.847117794486215e-07,0.0016899248613008876,9.707601662510393e-05,0.0003351715334962993,0.0005461296406928515
308,6.859649122807017e-07,0.0018216347899524372,9.3088634881801e-05,0.0003638712157807878,0.0005797333743594996
309,6.872180451127819e-07,0.0019460019221612408,8.87178791229647e-05,0.0003914268655528031,0.0006106559574460479
310,6.884711779448621e-07,0.0020617613981777604,8.401506179133346e-05,0.0004175456237213918,0.0006385998835204158
311,6.897243107769423e-07,0.00216779537643261,7.903391296502694e-05,0.00044196287691539545,0.000663312861843044
312,6.909774436090225e-07,0.0022631378899395697,7.382993197363286e-05,0.0004644436708047331,0.0006845884113054998
313,6.922305764411026e-07,0.002346977786970282,6.845974327785286e-05,0.0004847837253389502,0.0007022659162459789
314,6.934837092731828e-07,0.002418659850434439,6.298046347482911e-05,0.0005028100674049094,0.0007162301788113369
315,6.947368421052631e-07,0.0024776842030994933,5.7449085829097266e-05,0.000518381299321535,0.000726410505572416
316,6.959899749373433e-07,0.002523704116040885,5.19218882207778e-05,0.0005313875240319235,0.0007327793683922243
317,6.972431077694235e-07,0.0025565223456951703,4.6453869858531536e-05,0.0005417499498417635,0.0007353506811556183
318,6.984962406015037e-07,0.0025760861307842597,4.1098221529216146e-05,0.0005494201991295118,0.000734177734955515
319,6.99749373433584e-07,0.002582480984357044,3.590583356210232e-05,0.0005543793466376842,0.0007293508347574674
320,7.010025062656642e-07,0.00257592341846084,3.092484507673768e-05,0.0005566367137939992,0.0007209946804935929
321,7.022556390977444e-07,0.0025567527396670123,2.620023747076992e-05,0.0005562284460216611,0.0007092655350280362
322,7.035087719298246e-07,0.0025254220530149317,2.177347449206147e-05,0.0005532159002211136,0.0006943482205462943
323,7.047619047619048e-07,0.002482488610060017,1.7682190636100423e-05,0.0005476838695658918,0.0006764529837025921
324,7.060150375939849e-07,0.0024286036337630734,1.3959929020901455e-05,0.0005397386724758419,0.0006558122683609156
325,7.072681704260651e-07,0.002364501749066953,1.0635929322189434e-05,0.0005295061321433482,0.0006326774330311485
326,7.085213032581453e-07,0.002290990143303248,7.734965807918178e-06,0.0005171294723063021,0.0006073154481701212
327,7.097744360902255e-07,0.002208937575155489,5.277234995798792e-06,0.0005027671541142871,0.0005800056064254628
328,7.110275689223057e-07,0.0021192633448827367,3.2782919755213613e-06,0.00048659067793339276,0.000551036276676794
329,7.122807017543859e-07,0.002022926331957673,1.7490339917049034e-06,0.00046878237280234845,0.0005207017304028897
330,7.135338345864661e-07,0.0019209141992884732,6.957294760522554e-07,0.0004495331950026937,0.0004892990665007094
331,7.147869674185463e-07,0.0018142328558367299,1.2009035066116082e-07,0.0004290405558549313,0.0004571252582214053
332,7.160401002506265e-07,0.0017038962617909345,1.9385099971064282e-08,0.00040750619741325645,0.0004244743433927491
333,7.172932330827067e-07,0.0015909166525665296,3.8658982702342716e-07,0.00038513413322119073,0.0003916347765824636
334,7.185463659147869e-07,0.001476295249847095,1.210574271360428e-06,0.00036212866972202667,0.0003588869593410629
335,7.197994987468671e-07,0.0013610135197078103,2.476319570618398e-06,0.0003386925223021557,0.0003265009621600505
336,7.210526315789473e-07,0.001246025029642703,4.165164395070111e-06,0.00031502503830167696,0.00029473444930835035
337,7.223057644110275e-07,0.0011322479480976274,6.2550759731825725e-06,0.0002913205376626485,0.0002638308152799038
338,7.235588972431078e-07,0.0010205582219591414,8.720942455261738e-06,0.0002677667802199001,0.00023401753921265396
339,7.24812030075188e-07,0.0009117834594135058,1.1534883029664204e-05,0.00024454356698068187,0.0002055047613376797
340,7.260651629072682e-07,0.0008066975377343782,1.466657221000432e-05,0.0002218214811060013,0.00017848408329977202
341,7.273182957393484e-07,0.0007060159479286004,1.8083574749998218e-05,0.00019976077270617246,0.00015312759207032167
342,7.285714285714286e-07,0.0006103918808268848,2.1751687712726436e-05,0.0001785103900125438,0.00012958710516213027
343,7.298245614035087e-07,0.0005204130521951081,2.5635286320159443e-05,0.00015820715799507102,0.00010799363296533067
344,7.310776942355889e-07,0.0004365992578153541,2.9697670334663348e-05,0.00013897510407448826,8.845705226442338e-05
345,7.323308270676691e-07,0.00035940064327842506,3.390140787363972e-05,0.00012092492923744395,7.10659833785661e-05
346,7.335839598997493e-07,0.0002891966674920875,3.820867372868364e-05,0.00010415362161239336,5.5887861898664854e-05
347,7.348370927318295e-07,0.0002262957336628242,4.258157944858983e-05,8.874420841049552e-05,4.296919468301511e-05
348,7.360902255639097e-07,0.0001709354567916964,4.698249264913688e-05,7.476564108761196e-05,3.233598862336711e-05
349,7.373433583959899e-07,0.00012328353255375418,5.137434322754185e-05,6.227280764388751e-05,2.3994339709583578e-05
350,7.385964912280701e-07,8.34391688193098e-05,5.572091438492918e-05,5.130666515078769e-05,1.793116910542863e-05
351,7.398496240601503e-07,5.1435038038633995e-05,5.998711659105277e-05,4.1894484884951095e-05,1.4115092300982219e-05
352,7.411027568922305e-07,2.7239706245205954e-05,6.413924286243988e-05,3.405020185446548e-05,1.249740692720377e-05
353,7.423558897243107e-07,1.076049253571464e-05,6.814520396204271e-05,2.7774860024001178e-05,1.3013184502068661e-05
354,7.436090225563909e-07,1.846711543471395e-06,7.197474236631508e-05,2.305714418124313e-05,1.558245122063219e-05
355,7.448621553884711e-07,2.932506222910783e-07,7.559962407998137e-05,1.9873989133933395e-05,2.0111442896487562e-05
356,7.461152882205513e-07,5.844433173038438e-06,7.899380760953884e-05,1.8191256779727587e-05,2.6493919301788616e-05
357,7.473684210526316e-07,1.8198119750521213e-05,8.21335896297812e-05,1.796447154569804e-05,3.461252342740422e-05
358,7.486215538847118e-07,3.700999925010176e-05,8.499772709407008e-05,1.913960474390649e-05,4.4340171583766413e-05
359,7.49874686716792e-07,6.189802355617174e-05,8.75675357458057e-05,2.165389852708927e-05,5.55414607748185e-05
360,7.511278195488722e-07,9.244694049918351e-05,8.982696518391721e-05,2.543672034654467e-05,6.807408039006392e-05
361,7.523809523809524e-07,0.00012821288177311706,9.1762650820975e-05,3.0410439104731636e-05,8.179021596031582e-05
362,7.536340852130325e-07,0.00016872796457024721,9.336394324268499e-05,3.6491314550176725e-05,9.653793349829013e-05
363,7.548872180451127e-07,0.0002135048680464137,9.462291563774401e-05,4.3590391870995114e-05,0.00011216253378250674
364,7.561403508771929e-07,0.0002620413483036724,9.553435011091678e-05,5.1614393902677116e-05,0.0001285078668292158
365,7.573934837092731e-07,0.0003138246583147708,9.609570382304612e-05,6.0466603859362064e-05,0.00014541759771915665
366,7.586466165413533e-07,0.00036833584208241656,9.63070560179331e-05,7.0047732025728e-05,0.00016273641589212005
367,7.598997493734335e-07,0.0004250538752820709,9.617103709716361e-05,8.025676039450006e-05,0.000180311180980266
368,7.611528822055137e-07,0.00048345962764348975,9.569274099176367e-05,9.099175980002481e-05,0.00019799199921059917
369,7.624060150375939e-07,0.0005430396253472067,9.487962215082234e-05,0.00010215067466859214,0.0002156332253573709
370,7.636591478696741e-07,0.00060328959472015,9.37413785270901e-05,0.0001136320710834909,0.00023309438615749632
371,7.649122807017544e-07,0.0006637177714704684,9.228982198289505e-05,0.00012533584442936667,0.00025024102200814797
372,7.661654135338345e-07,0.0007238479625963256,9.053873757115153e-05,0.0001371638834453891,0.00026694544463813055
373,7.674185463659147e-07,0.0007832223508903302,8.850373316544536e-05,0.00014902068806058204,0.000283087409277577
374,7.686716791979949e-07,0.0008414040346481629,8.620208091751151e-05,0.00016081393891566296,0.00029855470063819707
375,7.699248120300752e-07,0.0008979792977357287,8.365255201676847e-05,0.0001724550169834197,0.00031324363275534383
376,7.711779448621554e-07,0.0009525596075790827,8.087524620834752e-05,0.00018385947218319947,0.00032705946342944666
377,7.724310776942356e-07,0.0010047833408932893,7.789141750074207e-05,0.00019494744034297018,0.0003399167246361675
378,7.736842105263158e-07,0.0010543172390562608,7.472329745739502e-05,0.00020564400828997472,0.000351739470850051
379,7.74937343358396e-07,0.0011008575969613094,7.139391742227041e-05,0.00021587952725271773,0.00036246144774517694
380,7.761904761904762e-07,0.0011441311909372149,6.792693097684684e-05,0.00022558987512434706,0.00037202618419738756
381,7.774436090225563e-07,0.0011838959529058921,6.434643786727253e-05,0.0002347166684766002,0.0003803870109182105
382,7.786967418546365e-07,0.001219941399369391,6.06768105739639e-05,0.00024320742552049843,0.00038750700939969884
383,7.799498746867167e-07,0.0012520888250615602,5.6942524626635494e-05,0.00025101568148566173,0.00039335889514568903
384,7.812030075187969e-07,0.0012801912721905687,5.3167993691288034e-05,0.00025810105813773074,0.0003979248394088024
385,7.824561403508771e-07,0.0013041332871246926,4.93774103781448e-05,0.00026442928936770406,0.00040119623384715544
386,7.837092731829573e-07,0.0013238304771521334,4.559459363676108e-05,0.00026997220497594604,0.0004031734026621708
387,7.849624060150376e-07,0.0013392288805792435,4.184284352174376e-05,0.00027470767493224633,0.00040386526688248426
388,7.862155388471178e-07,0.0013503041639263108,3.8144804026635146e-05,0.00027861951652687755,0.0004032889655205563
389,7.87468671679198e-07,0.0013570606603453199,3.452233459816446e-05,0.00028169736693478645,0.0004014694383523656
390,7.887218045112782e-07,0.0013595302636315823,3.099639085671687e-05,0.000283936523798403,0.0003984389750587803
391,7.899749373433583e-07,0.0013577711923284245,2.758691496376634e-05,0.00028533775649504324,0.00039423673542256937
392,7.912280701754385e-07,0.0013518666384521759,2.43127359929667e-05,0.0002859070907935815,0.00038890824520169064
393,7.924812030075187e-07,0.001341923315294462,2.1191480578407348e-05,0.0002856555696255831,0.0003825048721988965
394,7.937343358395989e-07,0.0013280699185956356,1.8239494033969017e-05,0.0002845989926936178,0.0003750832869236652
395,7.949874686716791e-07,0.0013104555151454388,1.5471772059306133e-05,0.00028275763762589714,0.0003667049120974395
396,7.962406015037594e-07,0.0012892478725482696,1.2901903073524236e-05,0.0002801559653503948,0.00035743536508953474
397,7.974937343358396e-07,0.0012646317435124942,1.0542021146151458e-05,0.00027682231231631287,0.00034734389719135627
398,7.987468671679198e-07,0.0012368071175802916,8.402769427257932e-06,0.00027278857212870036,0.00033650283344386885
399,8e-07,0.0012059874527228743,6.49327391477195e-06,0.00026808986908913004,0.00032498701652782224
