,wavelength,0.087_R_LL,0.178_R_LL,0.262_R_LL,0.322_R_LL,0.375_R_LL,0.43_R_LL,0_R_LL
0,4e-07,0.008421981567407137,0.006430126889291218,0.0019290585894096385,0.003002128965869432,0.001919110912085158,0.0003416028559675787,0.019728527012358523
1,4.0201005025125624e-07,0.0131832519043649,0.0038956558736216256,0.004031964424299702,0.001495299688218293,0.00024862023468203576,0.0003393466114305072,0.03459428531071642
2,4.0402010050251255e-07,0.011371447294246632,0.0005283347754310995,0.003229359310410113,1.159045803106827e-05,0.0004610868097559803,0.0018348084537794791,0.03620206256308771
3,4.060301507537688e-07,0.004736627746045403,0.0006240687662911476,0.0007182937752159307,0.0011417471209369324,0.002188779470841152,0.0014995984852760377,0.022561820571085512
4,4.080402010050251e-07,0.00011352600942946284,0.004290800735969334,0.00020826092024755984,0.0030516132516546376,0.0021562788588051136,8.520321044937398e-05,0.004959823428504138
5,4.1005025125628137e-07,0.0027661740050137383,0.007331566761419138,0.002536786213022854,0.002630199752271723,0.0004394787284237917,0.000691036362970024,0.0011640775555060072
6,4.120603015075377e-07,0.010819781447413914,0.006275449795722603,0.004511731942156989,0.000574520524553924,0.00025037848886291575,0.0020476837982790733,0.019316515348461186
7,4.1407035175879393e-07,0.01703559228781255,0.002319094557779508,0.0034487144893111175,0.00020555083633434293,0.0019819883259534618,0.0013128741570002074,0.04801293811111321
8,4.1608040201005024e-07,0.0157644652962072,3.0637248909770185e-06,0.0007998759184219272,0.0021740718827937926,0.0025583714202703873,2.6213374386531886e-05,0.06635455887337502
9,4.180904522613065e-07,0.008010904624154611,0.002148609201099264,0.00016866940290073123,0.0034926482931047277,0.0009791422844772739,0.000849631313924196,0.06038280757564769
10,4.201005025125628e-07,0.0008808170673875119,0.006652652287915239,0.0025021339311005744,0.0021876397038141666,1.289855322618736e-05,0.0021497339046772108,0.03227160610587801
11,4.2211055276381906e-07,0.0016190043138950597,0.008843074866295523,0.004873490384393193,0.00022261672328218618,0.0013636674711598373,0.0013639945077090817,0.0038901681136076856
12,4.2412060301507537e-07,0.01069035303953528,0.006458216148463359,0.004322714215194976,0.0005446091302048984,0.00279431296103542,4.282474273744358e-05,0.007659339571209356
13,4.261306532663316e-07,0.02103540822175,0.0019381978664023073,0.0015449784413596233,0.0027597874284365264,0.001957486969913019,0.000761320959995728,0.05511662545430717
14,4.2814070351758793e-07,0.024335602004164802,2.924941580186029e-05,8.968946135472378e-07,0.003765669735480129,0.0002330856171394217,0.002183464903376726,0.11898026460971267
15,4.301507537688442e-07,0.01776123532747232,0.002967710609484585,0.0016827619807166547,0.0021792611266347626,0.0004329469215196989,0.001671173970130924,0.15916639591190962
16,4.321608040201005e-07,0.006377540239799693,0.008135012151466914,0.004699962379105755,0.00020044013983648058,0.0022904169737034095,0.0001811281061551028,0.14893401860610922
17,4.3417085427135675e-07,2.8947502630256737e-05,0.010706423221922175,0.005596392088171534,0.0005756984728860332,0.0029468886536685155,0.00044347711168117235,0.08240312810795918
18,4.3618090452261306e-07,0.005566186061547557,0.00828206004793949,0.0033633361684707905,0.002879969323747098,0.001415378276863949,0.002020369959962716,0.005233652007627663
19,4.381909547738693e-07,0.020332805331471398,0.003078433329576579,0.0005374555089841268,0.004141496795387008,2.5305698534338455e-05,0.0021591731392651167,0.06222293745486203
20,4.402010050251256e-07,0.03406194536007598,2.6666247813343348e-05,0.0003685522415328327,0.0027595849096535684,0.0008925635731512566,0.0006341951108539864,0.31206461476590736
21,4.422110552763819e-07,0.03699562945976794,0.00229188849345295,0.003186084868463317,0.0005008476200876226,0.002795245710376801,7.026535607628724e-05,0.5686660777559931
22,4.442211055276382e-07,0.02659963053118614,0.008234281181807872,0.006057214157986546,0.00024874410469540416,0.003026633008400928,0.001450805015142464,0.7308171472498166
23,4.4623115577889444e-07,0.009816783083661504,0.012897597838264148,0.006002022263911096,0.0023980699725079965,0.0012748656950514272,0.002513881529974675,0.8200569789593047
24,4.4824120603015075e-07,8.753917081379131e-05,0.012381442867906328,0.0030824859586214806,0.004405653193425387,6.280980335207432e-06,0.0015444040972180193,0.8687574277421203
25,4.50251256281407e-07,0.00800487591575151,0.007056563393094073,0.00031930003369567663,0.003917639830689084,0.0010186476302542938,0.0001142659883674417,0.8956351565125765
26,4.522613065326633e-07,0.031426336116841244,0.0013720998875041395,0.0006412478021153556,0.0015154531612719161,0.0029896225946545478,0.0005201750819873216,0.9099813526751677
27,4.5427135678391957e-07,0.056334059730650594,0.000391449013381078,0.0038906659316701084,8.090224612316186e-06,0.003327902974983933,0.0021613622764343234,0.9162041153640545
28,4.562814070351759e-07,0.06737536543645034,0.005486556382250608,0.007002002465309714,0.0011988202577921459,0.0016064449606131954,0.0025399542499721876,0.9161280247648942
29,4.5829145728643213e-07,0.05695281401438295,0.013040086644342098,0.007049023954391508,0.0038340258730073353,6.675215024097056e-05,0.0010989567293289747,0.9099331450679782
30,4.603015075376884e-07,0.029692252212900963,0.01742464879300278,0.0039873282273727795,0.0050655414441804795,0.0007214681915483169,4.2750987088107206e-06,0.8963182036626751
31,4.623115577889447e-07,0.004064454757763738,0.015343405393964882,0.0006862710898540892,0.0035844815474790504,0.002803514857589011,0.0009011858626131138,0.8720450473461124
32,4.64321608040201e-07,0.005250311868917889,0.008225607516299409,0.00032237210669385966,0.0009775405900840403,0.003783096557962876,0.002522127704029739,0.8307269285445384
33,4.6633165829145726e-07,0.043940610206183846,0.0014407412811850411,0.0034232247986111897,4.372699998263823e-05,0.0024930956960016355,0.0025800355945091546,0.7606600661110403
34,4.683417085427135e-07,0.1024677183595693,0.0006053106255077327,0.00737528597083155,0.001852350887670056,0.00048690109747608876,0.0010077321363094183,0.6428011222159666
35,4.703517587939698e-07,0.14956812206666972,0.007177940020192517,0.0088136883172469,0.004639792137364727,0.00017244636717513254,2.3786304567780563e-07,0.4573380258579419
36,4.7236180904522613e-07,0.16068843511589484,0.017105565204322666,0.006519302985542642,0.005664971474825094,0.0019769366362962903,0.0009704485071752445,0.2224435542588132
37,4.743718592964824e-07,0.12395604851468131,0.023846159960881543,0.0024180189800063596,0.0039370583556877,0.0038834362271967116,0.0026462184981011806,0.04189722301751178
38,4.7638190954773864e-07,0.0485507321367486,0.022905032882805338,3.521774319310178e-05,0.0011402421896078076,0.00377976541368957,0.002834323452176514,0.002319932436372965
39,4.78391959798995e-07,0.0002070511803507904,0.014691531555829303,0.0015675959733295213,1.9006490148515763e-05,0.0017923519143857205,0.0013039821870622643,0.051240162707259757
40,4.804020100502513e-07,0.10220712098202604,0.004586374809474603,0.005992244474555432,0.0017470960294887466,0.00011134601896558285,3.8312478438202354e-05,0.10608874044540761
41,4.824120603015075e-07,0.3463959635711715,1.0235669621840832e-06,0.009927208614344183,0.00481056461065409,0.0006063982461897095,0.0006794281627620661,0.13239416503184587
42,4.844221105527638e-07,0.5755622361239041,0.005329998454266277,0.010368138218184848,0.0064698663185043,0.0028145192052796324,0.002462388814611497,0.12664023860365894
43,4.864321608040201e-07,0.724268711654735,0.018375447902416905,0.006961277250207702,0.005260097403524267,0.0044745147212054874,0.003221449285983023,0.09688450038534917
44,4.884422110552764e-07,0.8105242052063758,0.031705222347114086,0.002282125733931019,0.002251446961678333,0.003909589324060019,0.002055175897647067,0.056483820487692765
45,4.904522613065326e-07,0.8600559132266822,0.03757423740935325,2.8133561707706764e-06,0.00011933704461545995,0.0016991238652967829,0.00036718088096137063,0.020879764673451772
46,4.924623115577889e-07,0.8888316941903732,0.032348474248683014,0.002120111305786321,0.0008245029320125671,7.523569492059078e-05,0.00017750545844319877,0.001962191406221649
47,4.944723618090452e-07,0.9053637789313732,0.018572087243479474,0.007364508900593523,0.00389066593167013,0.0007041146305451086,0.0017480999349271718,0.0024530806152429953
48,4.964824120603015e-07,0.9140164992912915,0.004510520152220223,0.01215759522009752,0.006838164851956786,0.0030421989941164726,0.0033135234680074614,0.015982841701597892
49,4.984924623115577e-07,0.9168977904552194,0.0003388798981723347,0.013222609672343765,0.007294977266262512,0.004903680753503918,0.0031349514868338085,0.0326461789436595
50,5.00502512562814e-07,0.914756341806607,0.011411521700543397,0.009802520656949634,0.00489688627657476,0.004569792632995611,0.0014218344932894007,0.044442530062091146
51,5.025125628140703e-07,0.9073122028104778,0.0336485612825627,0.004185009206395634,0.0015599334074909727,0.0023565898027217455,6.67521502409343e-05,0.047458452846536846
52,5.045226130653266e-07,0.8932104765944622,0.05597970712936223,0.00031147664059284687,4.2589390294628777e-07,0.0003049501004754543,0.000574804011285854,0.041655064863381025
53,5.065326633165828e-07,0.8696118595371791,0.0671442258246509,0.0011548453835370782,0.0015868841792898677,0.00033141138310686496,0.0024455594958344017,0.029824180615275014
54,5.085427135678392e-07,0.8313100260955594,0.06101533877559686,0.006569579423386192,0.0052383762803846125,0.002490776504037151,0.0037472429497289526,0.01630688775161583
55,5.105527638190955e-07,0.7692748354286729,0.0392834881679067,0.013336370628231738,0.008292977969340708,0.004949759393130084,0.003157352405859377,0.005492990728206222
56,5.125628140703518e-07,0.6692621168174381,0.012872012185271963,0.01733488974232282,0.008537316418260305,0.005630210035425371,0.001285134230425114,0.0003106406204262292
57,5.14572864321608e-07,0.5148086619059291,5.1270599566790916e-08,0.016113773135524995,0.005789311358696903,0.0039690693841401775,3.2594786786576205e-05,0.0013065721889789826
58,5.165829145728643e-07,0.30763651752053695,0.016060947152282665,0.010325049038533847,0.0020254307312215494,0.0013601149448238554,0.0006871410132914421,0.006798422199935086
59,5.185929648241206e-07,0.1071688746865944,0.05991961393266754,0.0034735007386519122,2.3200233906966212e-05,5.820151824095877e-06,0.0026510953184939205,0.013915727821853076
60,5.206030150753768e-07,0.006358075919695948,0.11294157975880553,2.6051666800630728e-05,0.0013780072073371534,0.0010995810474290705,0.00406468890053551,0.019842978620195472
61,5.226130653266331e-07,0.015845507432586378,0.15217992403956515,0.0026545504683588073,0.0053238899257722,0.003841471648879014,0.00360990811810686,0.022688038700865193
62,5.246231155778894e-07,0.06913291582718785,0.1608539419178883,0.010382573193829415,0.009288746801523414,0.006117686316641549,0.0017199520073858004,0.0218183599013681
63,5.266331658291457e-07,0.11423390610251304,0.1305716394290485,0.019131755980837845,0.010687628666648498,0.006191072087897354,0.00015663614291300205,0.017782215284093048
64,5.28643216080402e-07,0.13329830560603806,0.06591242416929691,0.024191298120989795,0.008604892023915942,0.004010202194790877,0.0003901672476100825,0.011971265857587647
65,5.306532663316582e-07,0.12599960027932225,0.004915872232366909,0.02279135825490865,0.004367477613978103,0.0012332260455664265,0.002258889004880488,0.006133919178066107
66,5.326633165829145e-07,0.09893645087422692,0.03656096165472265,0.015517057669395118,0.0007585698879706963,6.320744606670325e-07,0.004143237757780861,0.0018407368878000452
67,5.346733668341708e-07,0.06228033077088106,0.21320036635928574,0.006227707080304034,0.00027484431038445235,0.0013272968830404573,0.0044268485706010436,3.838882893133646e-05
68,5.36683417085427e-07,0.027871552039477273,0.44374146173822976,0.0003800675244960945,0.003467099571762563,0.004336648565636675,0.0028773554412151996,0.0008340741277367403
69,5.386934673366834e-07,0.005758216030502997,0.6264964368204178,0.0020774780239011183,0.008548805968844072,0.006933653888645781,0.0008175215555055404,0.0035737579723452064
70,5.407035175879397e-07,0.00017587150067022023,0.7443992761710712,0.011427615982840573,0.012554563995790172,0.007325264093294692,9.705207163885404e-06,0.00715014242482905
71,5.42713567839196e-07,0.008342147092185297,0.8160999809195232,0.024280317308637982,0.013152526277510056,0.00524376124305601,0.001178015167802461,0.010391181393918404
72,5.447236180904523e-07,0.023195745028787938,0.8596467339972393,0.03457491408436199,0.009967544900312828,0.002115904753481947,0.003414913344162639,0.012386537033289777
73,5.467336683417085e-07,0.03743583278428773,0.8863606522708987,0.037420842241481844,0.004812349318856995,0.00011956683456802069,0.004956694846436336,0.012676422851042866
74,5.487437185929648e-07,0.046075156725433136,0.9026451324820344,0.031232882375326138,0.0007544314466566981,0.0007105627849861687,0.004605545449956391,0.01129424614751939
75,5.507537688442211e-07,0.04707152340399828,0.9120180050820598,0.018572087243479012,0.00039144901338112443,0.003614632035336519,0.0026411765556617842,0.008690152855599462
76,5.527638190954773e-07,0.04092868588451534,0.9163425340673247,0.0056511638472786455,0.0042626548381113375,0.007022720199023426,0.000590961380779669,0.0055729270162976265
77,5.547738693467336e-07,0.02998551840860866,0.9164690202492375,8.522077376403897e-08,0.01047562356647107,0.008806439971819676,6.377848200136421e-05,0.002710810688393457
78,5.567839195979899e-07,0.017589391597656177,0.9125252917743615,0.006451916294978636,0.015814138419638264,0.00786068349073777,0.0015179878278229748,0.0007364657530472752
79,5.587939698492462e-07,0.007136132747851864,0.9039834478102854,0.023837605436100293,0.017512395268026327,0.004761661130971304,0.003922901592126706,2.5894146533170413e-06
80,5.608040201005025e-07,0.0010892637926332527,0.8895429459561218,0.045330134864063114,0.01465201373779032,0.001432315324014539,0.0055566063954708925,0.0005231087606732431
81,5.628140703517587e-07,0.00030374073358001936,0.866806371471189,0.062109181929581814,0.008635982386839876,3.446788960555383e-07,0.005265584874686042,0.0020087127600497564
82,5.64824120603015e-07,0.003959592955367977,0.8316793283271267,0.06724876312929919,0.002617027449822293,0.001480550584237653,0.0032604659010266285,0.003975258338124389
83,5.668341708542714e-07,0.010097937744835746,0.7774561826224152,0.05801988835711169,1.0111637997229676e-06,0.005126920244087839,0.0009578696827023746,0.005884234148973636
84,5.688442211055276e-07,0.016430604719049474,0.6939423441155977,0.03712580522764081,0.0026087018870493057,0.008899872331290385,1.7838635579426287e-06,0.007273391978784648
85,5.708542713567839e-07,0.021045058435461485,0.568624871594541,0.01337755924188691,0.009576474079859607,0.0106896458694679,0.0011173155630222502,0.007848647564776273
86,5.728643216080402e-07,0.022810272307657458,0.3960420631033952,0.00022588284288463235,0.01778166708472696,0.009497303811000382,0.0036088975202078002,0.007525436390812372
87,5.748743718592964e-07,0.02148590005907667,0.20146307068688812,0.009615967128421637,0.02346788874027958,0.005966109099882048,0.005858646636785275,0.006421244170932369
88,5.768844221105527e-07,0.017620061344831774,0.05214708797152993,0.04335530079365487,0.0240143520982255,0.0020616824421879703,0.006419718193946214,0.004808975228895451
89,5.78894472361809e-07,0.012313814973377211,0.0001610910842285469,0.09053007946043566,0.019060932603723876,4.017258981649167e-05,0.004937771439831489,0.0030448702940534538
90,5.809045226130653e-07,0.0069056300281578435,0.024982205955551385,0.13420268974070945,0.010751292025063478,0.00118997269819311,0.002359637058978819,0.0014868749900695058
91,5.829145728643216e-07,0.0026290688629488435,0.07427302458241315,0.15951468903077856,0.003031107141083735,0.005075479614450366,0.0003443400540842392,0.0004200843138693193
92,5.849246231155778e-07,0.00031643839789632173,0.11408878444316392,0.15680035003783002,6.623454648859481e-06,0.009776748608039572,0.0002228188079988769,4.096590073496967e-06
93,5.869346733668341e-07,0.00022745019084353244,0.13261369685569369,0.12207780768965104,0.003877829269303004,0.01294372951308577,0.002149125695792059,0.0002518959264092742
94,5.889447236180904e-07,0.0020492095825383307,0.12936705827699693,0.06161350267589262,0.01363757171241436,0.012997667480213143,0.00500947982266373,0.0010419610358193092
95,5.909547738693466e-07,0.005051385460928114,0.10868144998809984,0.0064145276274909955,0.025493966337451286,0.009885351487476475,0.007130622199372901,0.002157127747005967
96,5.929648241206029e-07,0.00832624295645173,0.07745723662048692,0.022597028273753303,0.03469028640289631,0.005125279300158234,0.007284911698423248,0.0033381610388292897
97,5.949748743718593e-07,0.01102848668748819,0.04416818927054326,0.15894917277051787,0.03751442190004905,0.0011389927228847932,0.0053841140310684895,0.004338579010870929
98,5.969849246231156e-07,0.012553304425448268,0.017207645588277778,0.3650894931940861,0.03265010825677354,8.926451768526052e-05,0.0025223374211705953,0.0049696031993404135
99,5.989949748743719e-07,0.012628059666095398,0.0023682223047927654,0.5523505981084571,0.021745220511036435,0.002752367508513415,0.00036999943708738926,0.005128449727269098
100,6.010050251256281e-07,0.011321388427858242,0.0008917375676742016,0.6860901055946973,0.00920495651637509,0.008078560343652801,0.00022736250917789727,0.0048076832318479056
101,6.030150753768844e-07,0.008986496786029112,0.009637917727341462,0.7731509616162182,0.0009218154191971824,0.013720524196038166,0.0022680699427828823,0.004086934506448866
102,6.050251256281407e-07,0.006158792190313345,0.023178637096991056,0.8286307547555911,0.00181789621196397,0.017176337252710252,0.005440780294650275,0.003110689500502098
103,6.070351758793969e-07,0.003429270258844715,0.036195271871786505,0.8641708036935,0.013182752007134455,0.016906343331980978,0.008076609262331374,0.0020573081826110564
104,6.090452261306532e-07,0.0013174840559157302,0.04493123920282335,0.8871103262393594,0.03169264295590993,0.012977471638738984,0.00880034134497764,0.0011051518592002092
105,6.110552763819095e-07,0.0001692373641369344,0.047587495042851764,0.901815170898759,0.05094789315627571,0.007079728701498178,0.007234608301685731,0.000401702515707975
106,6.130653266331658e-07,0.00010008364247499704,0.04412339495847773,0.910832770624115,0.0642556638600344,0.0019039242938409613,0.004184296532940992,4.072322277332359e-05
107,6.150753768844221e-07,0.0009945071168157528,0.03585489014546918,0.9156094195151272,0.06689355697894285,1.0639818415980268e-05,0.0012445728183775896,5.079989255664379e-05
108,6.170854271356783e-07,0.002555480684749043,0.024990314166107058,0.9168902328082977,0.05735891040419107,0.0026163185432776874,7.64401021627476e-07,0.00039626778401871123
109,6.190954773869346e-07,0.004386277915112035,0.014097826108442192,0.9149215087581968,0.03811035205024762,0.008949798664224589,0.0011989961099780821,0.0009890903338083126
110,6.211055276381909e-07,0.006081050317576755,0.005509606393644498,0.9095255010872385,0.015996219573183448,0.016586527964906846,0.004344742284018331,0.00170833817465874
111,6.231155778894471e-07,0.007303445053720128,0.0007699772627032852,0.9000773275793471,0.0013645663011318384,0.022537224301309177,0.00796494490173781,0.0024229473006099947
112,6.251256281407035e-07,0.007840188789162842,0.00030745855688511727,0.8853842519134745,0.004286945453558235,0.0244679042659576,0.010358664034362355,0.0030135067268257055
113,6.271356783919598e-07,0.007624857999060714,0.0034573162705388016,0.8634440668586458,0.028648453721097596,0.021558659533525537,0.010408317789531446,0.003389703430205913
114,6.29145728643216e-07,0.006733304664442316,0.008801809839129374,0.831045401665053,0.06883372063040552,0.014830159767350677,0.008080476120292128,0.0035013403729620275
115,6.311557788944723e-07,0.005355908384241761,0.014656692222843139,0.7832029575542002,0.11257905837903007,0.0069042806612684944,0.004445972029334971,0.003342170720260298
116,6.331658291457286e-07,0.0037537928029119385,0.019513263115231504,0.7126269699495913,0.14691715490761337,0.0011625921581278312,0.001222921089632161,0.0029469218484826577
117,6.351758793969849e-07,0.0022072790748154146,0.022326107948709872,0.6101806735973291,0.16197577684045728,0.00041880243897254795,2.7344422017586676e-06,0.0023827261661769285
118,6.371859296482412e-07,0.0009654191880790674,0.022631797300377936,0.46912364320792765,0.1517131435047632,0.005616461051931284,0.0014901257230053562,0.0017367328381754667
119,6.391959798994974e-07,0.00020507924931030094,0.020535391002953512,0.29728998962213177,0.11446642893676424,0.015298639316100185,0.0051506614646965035,0.0011019702661642383
120,6.412060301507537e-07,6.2117118939382194e-06,0.01660802800194611,0.13179494623962937,0.05732135830794702,0.026204323424399344,0.009463333390521866,0.0005635740989779862
121,6.4321608040201e-07,0.00034662153371505975,0.011726549099765187,0.025926890733670542,0.006952504080395443,0.03459428531071646,0.012621137062337324,0.00018728581462362757
122,6.452261306532662e-07,0.001115397914031431,0.006878140206594951,0.0006393212865141554,0.01588244551007404,0.03757683415769867,0.013306464271873401,1.1671605060734923e-05
123,6.472361809045226e-07,0.0021404466068087134,0.0029571085194521015,0.029344941134712414,0.126676929141059,0.0339945962265399,0.011218282404777957,4.486181122243541e-05
124,6.492462311557788e-07,0.003223300350168053,0.0005905471890588007,0.07392235673577699,0.31034127491678254,0.024827668653512255,0.0071977676290677335,0.0002658705746019089
125,6.512562814070352e-07,0.00417405026559075,3.164703040266597e-05,0.1106857124468575,0.493973077944629,0.01313714805718076,0.0029282315710676254,0.0006298589135490222
126,6.532663316582915e-07,0.004840522733114553,0.0011449081199126111,0.1305907587486445,0.6360884742469293,0.0033966163368166144,0.00028296919981750184,0.0010761799172687044
127,6.552763819095477e-07,0.005127967279112142,0.0034799921325051613,0.1325294537897702,0.7341289533435441,4.7599612470552495e-05,0.0005357916791503272,0.0015377732073021113
128,6.57286432160804e-07,0.005007752882337977,0.006404398916810385,0.11901062668215935,0.7992117531080305,0.005603905247113804,0.003783751323282879,0.0019504712343319456
129,6.592964824120603e-07,0.0045154108394965,0.009252931868601127,0.0944555939086094,0.8422536759913998,0.019316515348461356,0.008886955999327612,0.0022609953772425645
130,6.613065326633165e-07,0.0037396688964559765,0.01145710466205131,0.06458463777437581,0.8709277405004273,0.037348912718157275,0.013953880539050468,0.0024327728498395196
131,6.633165829145728e-07,0.0028049645948156616,0.012633055916190798,0.035738782986232724,0.8901154679876357,0.05433163116908954,0.01710417192261319,0.0024491090812803853
132,6.653266331658291e-07,0.0018504209508690384,0.012622275963881165,0.013632712590283222,0.9028255697819193,0.06523676990332201,0.017163674991558055,0.002313635513090011
133,6.673366834170853e-07,0.0010084629155811679,0.011489635853223601,0.0018242710027617645,0.9108872980573399,0.06671414737372938,0.014072300328751449,0.0020482774932427126
134,6.693467336683417e-07,0.00038611419234169526,0.00948745239834384,0.0007666585540991606,0.9153842552873047,0.05782369316111246,0.008929091096740834,0.001689232618780493
135,6.713567839195979e-07,5.148521450589411e-05,0.006995304723761583,0.00809053998669666,0.9169057407500713,0.04051054672400905,0.0036651646196549487,0.0012816123753421878
136,6.733668341708542e-07,2.7053311966817274e-05,0.004445789442964063,0.01988591905872904,0.9156810145554287,0.019909108736276326,0.0003894391011288735,0.0008734806860340785
137,6.753768844221105e-07,0.00029017167866325584,0.0022474687009014028,0.03215579658411471,0.9116356502621472,0.00389016811360767,0.0005827390769750185,0.0005100243676523597
138,6.773869346733667e-07,0.0007800534779787628,0.0007172002930796255,0.041791767421304714,0.9043882717915371,0.0008699260169414421,0.00447095575492659,0.00022851605871568065
139,6.79396984924623e-07,0.001409516298054588,3.3213359809674685e-05,0.04694696978280437,0.8931905163962138,0.015906012922016193,0.010900244717744458,5.4588045374527804e-05
140,6.814070351758794e-07,0.0020792270611208873,0.000216582990030177,0.047007657827133044,0.8768005524810657,0.04744384671762592,0.01778166708472713,1.4161063634472471e-07
141,6.834170854271356e-07,0.002692115837735718,0.001142589352914201,0.04239164419438154,0.8532706944312086,0.08764605113340854,0.02286167841486673,6.299577970181223e-05
142,6.85427135678392e-07,0.0031659559747990226,0.002576773820968351,0.034295203604361814,0.8196302212846948,0.1260204811444365,0.02447177878417789,0.0002281620038541342
143,6.874371859296482e-07,0.003442684586052323,0.004225697196257339,0.024412621529136667,0.7714867658930075,0.15311015600144864,0.022033594474410893,0.0004704475384106026
144,6.894472361809045e-07,0.0034936963822014477,0.005790890914004611,0.014615882538246328,0.7027493632843004,0.16210065530313336,0.016252615715380548,0.0007579633063792145
145,6.914572864321608e-07,0.0033209586756662596,0.007016119417603411,0.006602840830137147,0.6062156396815769,0.14893401860610966,0.00898763822507644,0.0010560535825196893
146,6.93467336683417e-07,0.002954298154571012,0.0077215138899460805,0.0015706302590259011,0.47688151315012056,0.1129214900244234,0.002772028651094766,0.001331173647995668
147,6.954773869346733e-07,0.0024455816855755252,0.007821835862770698,2.78106105014886e-06,0.3203936315839944,0.060181364200673576,1.87312439420163e-05,0.0015543056974356665
148,6.974874371859296e-07,0.00186076078127299,0.007329055250774483,0.0016386387016536104,0.1634627572777639,0.011275061214205032,0.0021257438976760726,0.0017036045299409915
149,6.994974874371858e-07,0.0012708831767132775,0.006341299226092725,0.005626633571447992,0.04843994220296916,0.006433553996886767,0.008879014733577975,0.0017660834349214885
150,7.015075376884422e-07,0.0007431986785613916,0.00502128217827366,0.010792847301466624,0.001643471285698477,0.08528983493427915,0.0184822700044913,0.0017382702823349357
151,7.035175879396984e-07,0.00033339771671020516,0.00356793845399196,0.01592782840202985,0.012217273700385034,0.24056694322908434,0.028195471913395373,0.0016258718198509515
152,7.055276381909547e-07,7.982141001282472e-05,0.0021853755970054098,0.020015446468169305,0.04988277923606825,0.417353823879108,0.035235928123792476,0.0014425730331555243
153,7.07537688442211e-07,1.878505702482462e-07,0.0010534257091150397,0.022371351714245712,0.08963275636015597,0.5686660777559942,0.037568195568582936,0.0012081644288609323
154,7.095477386934672e-07,9.102710306781425e-05,0.00030380666929194137,0.022695069607518766,0.11859844155691118,0.6806230291865388,0.03441288588402337,0.0009462320130668479
155,7.115577889447236e-07,0.0003296594227033041,5.034761849661495e-06,0.021056056342596195,0.13250629281651014,0.7584766097845176,0.026480633541897662,0.0006816627031265458
156,7.135678391959799e-07,0.0006782436374149676,0.00015776198130556388,0.017834155399258086,0.131498058119417,0.811647456050678,0.015946503379792202,0.00043821292673183455
157,7.155778894472361e-07,0.001089210841672549,0.0007004029701629906,0.013628974180970392,0.11786036174772337,0.8480132531680644,0.006082636509513122,0.0002363621245122505
158,7.175879396984925e-07,0.0015113056560399577,0.0015231978221800077,0.009148772848706925,0.09514298577018028,0.8730531144840247,0.0004380561865107783,9.162888870630012e-05
159,7.195979899497487e-07,0.00189548076412582,0.0024876482260613605,0.005090512596617928,0.06780388674537292,0.8903443329830597,0.0016541739040874057,1.347013197019963e-05
160,7.21608040201005e-07,0.00220000663741462,0.003447802769657434,0.0020270291067885225,0.040771633674668746,0.902172295890909,0.010373836223349591,4.818986872147176e-06
161,7.236180904522613e-07,0.002394332442388061,0.0042701345654663405,0.0003203721427450645,0.018648385245462133,0.9099813526751667,0.024861648168803742,6.225196804630585e-05
162,7.256281407035175e-07,0.0024614305318376595,0.004849530311585698,7.786069227199306e-05,0.004685209666909228,0.9146654057836658,0.0415839899393738,0.00017671714595680318
163,7.276381909547738e-07,0.002398547037100341,0.005119898200610566,0.0011582214617534311,3.547669951770934e-06,0.9167439336551516,0.056378040498503076,0.0003347084942028758
164,7.296482412060301e-07,0.0022164464190403766,0.005058852137263699,0.0032224929530950634,0.003516610951570279,0.916462146223356,0.06558932043107564,0.0005197410731463125
165,7.316582914572863e-07,0.001937369280640448,0.004686700291743679,0.005813728974136376,0.01258372843860008,0.9138398048399993,0.0668295403549844,0.0007139688041151743
166,7.336683417085426e-07,0.0015920175066819365,0.004060523269498274,0.00844517292292612,0.02399854777714476,0.9086816052170327,0.05940259134331453,0.000899790410493796
167,7.356783919597989e-07,0.001215939081069927,0.003264501799058831,0.01067904084772079,0.034841431011853864,0.9005533412761517,0.04460044486357771,0.0010613068985597033
168,7.376884422110551e-07,0.0008457076601713557,0.002397890196906719,0.012184639041532483,0.0429653752575977,0.8887211319689508,0.025922324207781688,0.0011855218051108581
169,7.396984924623116e-07,0.0005152801277374709,0.0015621533246420888,0.012771630372448117,0.04714254991179523,0.872045047346113,0.008934969799261687,0.001263209062763572
170,7.417085427135678e-07,0.00025287067270091557,0.0008487847013186274,0.01239941989733725,0.04700765782713339,0.8488146053326624,0.00022588284288458323,0.001289408728652205
171,7.437185929648241e-07,7.860627208314382e-05,0.00032917911603610664,0.011166271505386892,0.0429170246512725,0.8165181134789496,0.005183035019145512,0.0012635447035808614
172,7.457286432160804e-07,3.1328445142111833e-06,4.763104977458599e-05,0.009282614930829847,0.035781946395098234,0.7715712363423909,0.025422500115935557,0.0011891885365808072
173,7.477386934673366e-07,2.7234024069160006e-05,1.808904253296121e-05,0.007033158874849531,0.02688643103150851,0.7091475477154456,0.05763324714739364,0.001073517916035629
174,7.497487437185929e-07,0.0001424178667426818,0.00022477446853382834,0.004732674760651313,0.017681021327338082,0.623570046438162,0.09482997728912601,0.0009265366455440639
175,7.517587939698492e-07,0.00033233329764185445,0.0006262584648899512,0.0026808296480108815,0.009553784412633146,0.5103430274130184,0.12897614529223583,0.0007601344621922749
176,7.537688442211054e-07,0.0005748079640582097,0.0011621738016370559,0.001121855375447018,0.0036044826986521717,0.37134598141139274,0.15311015600144953,0.000587070019167262
177,7.557788944723618e-07,0.0008442585584408857,0.001761485616970794,0.00021454328298260925,0.00046938393612956165,0.22244355425881535,0.16215871986798416,0.00041995905032831733
178,7.57788944723618e-07,0.0011142149460197338,0.0023511802107925397,1.662948455780928e-05,0.00024388400109998904,0.09484796011764192,0.15294625457914746,0.0002703427454330387
179,7.597989949748743e-07,0.0013597174155760526,0.0028643348637812367,0.00048515654597591437,0.002523069313776548,0.018708489389873968,0.12448525895623626,0.00014789953802937951
180,7.618090452261306e-07,0.0015593856989924834,0.0032467538280763863,0.0014914645490796124,0.006540599871311278,0.0004005206051768998,0.07977787445405526,5.984795621919555e-05
181,7.638190954773868e-07,0.0016970112001850684,0.003461635591619489,0.002846936161165131,0.011356978600110444,0.021865795409996194,0.030154065608021377,1.0570257678676074e-05
182,7.658291457286431e-07,0.0017625823671493148,0.003492020957689455,0.004334196155186984,0.01604350776242418,0.05894238688119559,0.0005447753413675839,1.4677685408468961e-06
183,7.678391959798995e-07,0.0017527108141118357,0.003341024566271949,0.005738383358744025,0.019824554790858824,0.09445751425200449,0.025762409930286508,3.104070544512097e-05
184,7.698492462311557e-07,0.0016704779230404785,0.0030300571817574303,0.006874118168865399,0.02216404359361044,0.1198808671605239,0.1252752722762122,9.516919446137042e-05
185,7.718592964824121e-07,0.0015247652720193877,0.002595399250923724,0.007605346543202987,0.022799899178663475,0.13239416503184637,0.27759557139365154,0.0001875593540009667
186,7.738693467336683e-07,0.0013291658218326893,0.002083591421190328,0.007856818382128487,0.021738038947905953,0.13218925765642375,0.4374163906823346,0.0003003094431335088
187,7.758793969849246e-07,0.0011005957623995747,0.001546168923025364,0.007617216643187742,0.019217601003427454,0.12099964447690374,0.5728591605047453,0.0004245465141749789
188,7.778894472361809e-07,0.0008577392507416613,0.0010342853687468298,0.006934796217611426,0.015655988079332966,0.10149648434397351,0.675340769272858,0.0005510836387337581
189,7.798994974874371e-07,0.0006194602641357954,0.0005937466670669927,0.0059068934025655285,0.011579758467700898,0.07704665787932802,0.7490023388397035,0.0006710511218920521
190,7.819095477386934e-07,0.0004033080412278456,0.00026090681555171225,0.004664964558384954,0.00754718331370563,0.051464549084329216,0.8010567971759793,0.0007764614397225011
191,7.839195979899497e-07,0.00022422607035129408,5.976750965585422e-05,0.003357012725115965,0.004070177439775568,0.028554893439664126,0.837826312958481,0.0008606760499641006
192,7.859296482412059e-07,9.355079626512542e-05,4.821746366440152e-07,0.002129393557032971,0.0015456202463067891,0.011450345968777479,0.8639402270807978,0.0009187518281707394
193,7.879396984924622e-07,1.8357207338996992e-05,7.93078969602822e-05,0.001110013555684252,0.00020665460893883443,0.0019621914062217527,0.8825690977250923,0.0009476548331241282
194,7.899497487437185e-07,1.176780621001172e-06,0.0002798955177087055,0.000394767654163492,0.00010195017474269052,0.000251549583530933,0.8958303339071927,0.0009463386951982301
195,7.919597989949747e-07,4.0081723693086216e-05,0.000575678528676905,3.865534502315553e-05,0.0011053644895767244,0.00499112453131164,0.9051238122699304,0.0009156935963037218
196,7.939698492462311e-07,0.0001291008344721151,0.0009330307264096698,5.23777286550667e-05,0.0029518152042754095,0.01391910034990275,0.911365687902931,0.0008583791761850832
197,7.959798994974873e-07,0.00025890897730135374,0.0013148187679575436,0.0004044459721144562,0.0052899905996185,0.02450942167813678,0.9151404000900097,0.0007785605077435878
198,7.979899497487437e-07,0.0004177158194142993,0.0016839784307338562,0.001028074344743231,0.007740484681176028,0.03450856762514381,0.9167952846868309,0.0006815704054644296
199,8e-07,0.0005922708817136472,0.0020067850190789624,0.0018315417832849977,0.009949175946499154,0.04223642450677656,0.9164959813210622,0.0005735237353355443
