0,1,2,3,4,5,6,7,8,9,10,11,12,13,14,15,16,17,18,19,20,21,22,23,24,25,26,27,28,29,30,31,32,33,34,35,36,37,38,39,40,41,42,43,44,45,46,47,48,49,50,51,52,53,54,55,56,57,58,59,60
5.8375244140625,4.23309326171875,1.01922607421875,2.09393310546875,1.02154541015625,2.09393310546875,1.5570068359375,0.48681640625,1.02392578125,-1.12286376953125,1.0189208984375,4.23712158203125,0.4832763671875,2.6240234375,4.763916015625,6.37286376953125,4.2294921875,3.66534423828125,2.06842041015625,-4.881591796875,-5.41552734375,-7.0250244140625,-6.488525390625,3.67974853515625,7.95977783203125,8.4993896484375,10.640625,11.1685791015625,13.83465576171875,10.079345703125,8.471435546875,4.72235107421875,8.49383544921875,5.307373046875,6.38385009765625,7.99151611328125,10.12957763671875,12.8056640625,12.26361083984375,13.87054443359375,12.26068115234375,14.4068603515625,14.4149169921875,1.02679443359375,0.491943359375,-1.66326904296875,-0.60101318359375,2.0791015625,14.4246826171875,10.1036376953125,10.0673828125,-4.94171142578125,4.70855712890625,9.52227783203125,-1.73406982421875,-15.61053466796875,-4.34820556640625,-2.20196533203125,-0.597412109375,2.0753173828125,2.0753173828125
2.09033203125,1.02105712890625,-0.0509033203125,-1.123046875,-0.58795166015625,2.09161376953125,2.09423828125,0.4866943359375,2.6309814453125,3.16558837890625,4.23797607421875,2.630126953125,0.4832763671875,0.478515625,4.7645263671875,5.30389404296875,7.45269775390625,5.81585693359375,2.60308837890625,-5.41552734375,-5.95196533203125,-7.0250244140625,2.07275390625,3.67694091796875,7.4254150390625,10.10357666015625,11.1705322265625,14.380126953125,16.510009765625,9.0107421875,9.0087890625,9.55364990234375,5.2999267578125,6.92120361328125,9.0638427734375,8.5230712890625,11.19927978515625,11.7320556640625,9.58648681640625,12.26324462890625,9.578369140625,13.87188720703125,13.3453369140625,5.319091796875,-2.73077392578125,-0.05767822265625,-3.2984619140625,1.517333984375,4.7225341796875,15.95611572265625,-11.39886474609375,-6.01361083984375,4.16082763671875,-4.39459228515625,-4.88946533203125,-0.060791015625,1.54656982421875,3.6859130859375,4.216796875,4.75006103515625,7.96234130859375
-1.12548828125,2.62744140625,-1.12518310546875,2.086181640625,-0.0533447265625,3.70050048828125,3.7030029296875,2.630615234375,-1.12286376953125,3.16339111328125,3.70263671875,2.62957763671875,1.554931640625,1.01318359375,3.6927490234375,9.06207275390625,6.3807373046875,7.96368408203125,-0.0701904296875,-7.0225830078125,-7.0250244140625,3.143798828125,5.2850341796875,7.95977783203125,9.56329345703125,11.169921875,14.380859375,16.517333984375,14.90594482421875,12.76123046875,11.691650390625,6.8997802734375,5.84698486328125,6.3856201171875,8.5252685546875,9.5899658203125,7.984619140625,9.05584716796875,8.5164794921875,9.0491943359375,10.65447998046875,13.87408447265625,10.6546630859375,0.4859619140625,-6.4962158203125,-4.36016845703125,-2.243896484375,-7.622802734375,3.09722900390625,5.76715087890625,-0.121826171875,-6.55438232421875,4.1573486328125,1.521240234375,0.47222900390625,1.545654296875,5.29254150390625,5.29010009765625,6.89410400390625,10.10235595703125,10.101806640625
2.62158203125,0.47869873046875,2.08795166015625,3.1595458984375,3.6988525390625,2.626953125,3.69903564453125,2.62744140625,1.55364990234375,4.237548828125,2.09527587890625,3.70135498046875,1.01788330078125,6.37042236328125,6.37286376953125,7.455322265625,4.23583984375,7.96368408203125,7.42840576171875,-0.06573486328125,-8.09808349609375,3.1414794921875,6.88775634765625,8.49090576171875,12.2373046875,13.3067626953125,16.517333984375,15.4429931640625,17.04534912109375,13.8350830078125,11.70819091796875,6.915771484375,6.3858642578125,7.99359130859375,7.45306396484375,6.37774658203125,7.9864501953125,9.595703125,6.91448974609375,7.4447021484375,6.3699951171875,10.66094970703125,7.4449462890625,-0.0606689453125,-0.59832763671875,-1.14825439453125,-1.17041015625,-6.54034423828125,2.0439453125,15.97503662109375,14.8953857421875,6.8292236328125,6.83380126953125,4.2030029296875,5.82415771484375,4.22119140625,5.82440185546875,8.5032958984375,10.1048583984375,11.17120361328125,11.1680908203125
4.76202392578125,5.300537109375,2.62445068359375,2.0892333984375,4.2318115234375,0.48004150390625,2.0867919921875,0.48095703125,3.16259765625,5.8465576171875,3.1668701171875,-0.58624267578125,-0.59075927734375,5.29925537109375,10.1285400390625,6.92095947265625,3.69873046875,5.81317138671875,6.89117431640625,2.60772705078125,2.07080078125,12.77886962890625,6.3511962890625,10.09625244140625,13.8399658203125,14.3740234375,16.51458740234375,15.441162109375,15.43994140625,15.44598388671875,7.97772216796875,6.3856201171875,5.3154296875,5.84918212890625,7.45306396484375,8.52410888671875,7.99017333984375,5.8480224609375,8.529296875,9.06207275390625,7.9866943359375,9.05950927734375,2.6129150390625,2.6170654296875,-0.0699462890625,1.5347900390625,5.28662109375,7.424072265625,5.27392578125,18.127197265625,23.503662109375,6.81072998046875,3.08477783203125,2.60821533203125,3.14874267578125,2.079345703125,4.22100830078125,9.03814697265625,9.5694580078125,11.1700439453125,12.7735595703125
5.2984619140625,5.3040771484375,3.697509765625,1.0167236328125,2.61968994140625,2.61724853515625,4.7568359375,6.91021728515625,3.70172119140625,4.77587890625,4.23834228515625,-0.58624267578125,-1.12774658203125,3.15325927734375,11.74078369140625,6.91961669921875,6.9010009765625,8.484375,0.9981689453125,-0.60736083984375,3.67340087890625,10.09967041015625,15.98944091796875,10.6221923828125,13.8350830078125,15.9686279296875,17.581787109375,15.977294921875,19.72686767578125,17.5938720703125,6.37738037109375,5.31573486328125,2.63671875,6.3858642578125,6.91845703125,6.9200439453125,5.84869384765625,7.46124267578125,6.92559814453125,6.9234619140625,8.531005859375,6.382568359375,-4.366455078125,-5.4425048828125,-0.6134033203125,6.90802001953125,12.2744140625,7.96075439453125,6.343505859375,15.46014404296875,20.3009033203125,-1.22100830078125,0.93975830078125,1.001953125,5.28704833984375,4.22064208984375,6.89691162109375,9.5733642578125,10.10516357421875,7.95751953125,7.42041015625
6.3751220703125,4.7689208984375,2.6251220703125,1.0164794921875,4.759765625,3.14990234375,3.1539306640625,4.23651123046875,7.99285888671875,3.703857421875,3.70355224609375,-0.5885009765625,4.22943115234375,4.22613525390625,10.134033203125,6.38482666015625,4.7467041015625,4.19281005859375,0.99530029296875,8.49224853515625,12.2408447265625,14.3837890625,18.1334228515625,13.8363037109375,16.50421142578125,18.11224365234375,18.1173095703125,19.1951904296875,19.7337646484375,14.92230224609375,4.7735595703125,3.1722412109375,2.1021728515625,4.78009033203125,5.8494873046875,7.45751953125,5.8507080078125,6.39068603515625,6.9234619140625,8.0008544921875,3.1702880859375,-0.5955810546875,-9.7449951171875,-9.74822998046875,-0.0885009765625,11.20880126953125,14.4193115234375,11.1766357421875,4.7440185546875,13.3280029296875,16.541015625,-2.28515625,2.02947998046875,1.0042724609375,6.89227294921875,3.6842041015625,6.89593505859375,10.6427001953125,9.032958984375,7.95660400390625,8.49017333984375
6.91412353515625,5.8421630859375,2.09027099609375,2.08294677734375,0.47259521484375,3.68829345703125,6.912841796875,6.383544921875,5.31378173828125,2.63201904296875,4.23870849609375,3.69915771484375,2.6209716796875,4.2271728515625,10.67022705078125,9.06048583984375,9.5535888671875,0.98016357421875,-0.08099365234375,10.0965576171875,15.45501708984375,14.388427734375,13.85791015625,13.3070068359375,14.35430908203125,13.80975341796875,20.26025390625,17.59100341796875,17.05999755859375,13.31842041015625,1.55889892578125,4.24456787109375,4.24652099609375,4.78118896484375,5.8525390625,6.387939453125,3.708251953125,1.5650634765625,4.783203125,4.2423095703125,1.56024169921875,-9.2073974609375,-18.341796875,-11.90570068359375,17.63092041015625,10.14202880859375,12.7999267578125,-0.62030029296875,-0.07073974609375,5.82818603515625,11.71051025390625,-6.03045654296875,3.127685546875,3.14324951171875,7.42510986328125,5.82293701171875,5.29119873046875,8.5003662109375,7.96173095703125,9.0263671875,8.48956298828125
6.913818359375,1.55572509765625,2.087890625,2.62005615234375,3.68792724609375,5.30084228515625,7.45159912109375,4.77716064453125,5.314208984375,1.02532958984375,1.02294921875,0.48175048828125,2.0848388671875,5.30126953125,10.66839599609375,13.8743896484375,2.04119873046875,-6.5269775390625,5.8009033203125,12.77081298828125,12.24371337890625,11.18426513671875,5.83563232421875,5.8450927734375,-1.6688232421875,13.2813720703125,11.129638671875,15.4337158203125,14.37591552734375,12.77899169921875,1.022216796875,1.02911376953125,2.63836669921875,2.63824462890625,2.6378173828125,5.31866455078125,2.63824462890625,4.783203125,1.5650634765625,-0.58135986328125,-5.9541015625,-10.82696533203125,-19.95672607421875,-12.99151611328125,20.86712646484375,16.03173828125,5.82159423828125,-4.8988037109375,4.7606201171875,6.36810302734375,7.95489501953125,-1.731201171875,6.34326171875,5.81640625,5.820068359375,5.82330322265625,5.82476806640625,9.03643798828125,9.568115234375,7.41986083984375,7.9539794921875
4.2357177734375,3.69647216796875,0.4798583984375,-1.66729736328125,1.54541015625,6.37689208984375,4.7752685546875,3.705322265625,4.24224853515625,3.70477294921875,3.1658935546875,1.55267333984375,7.9857177734375,7.987060546875,9.59124755859375,16.55419921875,17.60662841796875,13.28387451171875,7.38885498046875,7.93194580078125,12.2449951171875,8.5120849609375,4.77764892578125,4.7838134765625,1.5654296875,0.4881591796875,-5.9605712890625,7.912841796875,12.1983642578125,9.5489501953125,-2.72772216796875,-0.57958984375,-1.11456298828125,3.7108154296875,0.49432373046875,1.03131103515625,0.49432373046875,0.494384765625,1.5648193359375,-0.0482177734375,-12.95697021484375,-21.582275390625,-22.1160888671875,-24.2640380859375,22.99310302734375,21.9058837890625,-7.063720703125,-1.68548583984375,3.1463623046875,6.9039306640625,2.05426025390625,0.9617919921875,10.0926513671875,9.02838134765625,3.6822509765625,5.28851318359375,9.03582763671875,8.5003662109375,7.962158203125,6.35064697265625,6.35064697265625
5.8421630859375,1.5535888671875,0.48004150390625,1.0130615234375,4.2298583984375,6.915283203125,6.3853759765625,5.31512451171875,3.17010498046875,3.1680908203125,1.01959228515625,0.47869873046875,4.23382568359375,5.2991943359375,14.409912109375,13.3416748046875,11.2052001953125,9.59625244140625,8.51312255859375,12.7698974609375,9.01092529296875,6.36669921875,5.3121337890625,2.09906005859375,2.10357666015625,1.0301513671875,-1.65753173828125,-4.88580322265625,6.841064453125,10.060546875,-4.87774658203125,-2.1885986328125,-2.7257080078125,-1.64959716796875,-0.57763671875,-0.57763671875,3.7108154296875,3.71124267578125,1.56304931640625,-2.736572265625,-21.56085205078125,-29.63018798828125,-29.09283447265625,12.78179931640625,-18.90252685546875,-7.0966796875,-8.14947509765625,-5.995849609375,2.5892333984375,5.2750244140625,-2.2349853515625,2.056640625,7.4232177734375,7.962158203125,4.75469970703125,8.5008544921875,9.03692626953125,8.501220703125,11.70831298828125,5.28106689453125,4.7447509765625
4.7713623046875,2.6280517578125,3.160888671875,2.62237548828125,5.83984375,5.84588623046875,9.068603515625,2.633544921875,2.09820556640625,1.02392578125,-1.66192626953125,3.6956787109375,4.761962890625,7.42840576171875,7.97454833984375,5.8428955078125,6.3865966796875,5.31927490234375,5.31756591796875,5.84613037109375,5.83050537109375,7.43841552734375,4.240234375,5.31927490234375,6.93365478515625,3.17657470703125,1.56494140625,2.0975341796875,-4.8858642578125,0.4512939453125,-3.81304931640625,-3.26287841796875,-3.7957763671875,-1.11456298828125,-1.11480712890625,-1.11456298828125,-1.64959716796875,2.1021728515625,-0.04608154296875,-15.63641357421875,-21.5615234375,-26.3992919921875,28.36376953125,17.09869384765625,13.33612060546875,-1.7081298828125,-3.31011962890625,-2.76409912109375,-4.9200439453125,-9.76177978515625,-12.43560791015625,-1.6878662109375,5.289794921875,6.36138916015625,9.0401611328125,10.64453125,8.49884033203125,7.430908203125,6.35650634765625,10.63104248046875,5.27874755859375
2.09368896484375,2.091796875,0.4832763671875,1.5533447265625,1.551513671875,4.77374267578125,9.068603515625,2.0963134765625,2.09857177734375,3.70263671875,-0.05621337890625,2.61865234375,2.06671142578125,3.14093017578125,-0.06072998046875,6.9122314453125,9.0689697265625,6.9268798828125,5.3189697265625,4.24462890625,4.773681640625,3.69390869140625,4.77008056640625,5.8524169921875,6.39556884765625,4.24993896484375,2.6376953125,2.097412109375,1.5556640625,-8.10711669921875,-3.81561279296875,-2.1949462890625,-2.72576904296875,-0.581787109375,-0.57977294921875,-0.57958984375,3.17425537109375,2.6375732421875,-4.87713623046875,-16.7142333984375,-21.01611328125,-25.85589599609375,20.85650634765625,17.64141845703125,6.9075927734375,-6.5074462890625,-0.0731201171875,-1.1387939453125,-0.60699462890625,-6.51434326171875,-7.58587646484375,-7.5792236328125,2.075927734375,4.22198486328125,5.83013916015625,9.57598876953125,6.36151123046875,5.8221435546875,5.82281494140625,5.81854248046875,11.70489501953125
5.31011962890625,3.70135498046875,1.55780029296875,1.018798828125,5.30615234375,8.52667236328125,7.996337890625,5.85150146484375,5.316650390625,0.48553466796875,-0.060302734375,2.0731201171875,0.98956298828125,-3.81005859375,1.01312255859375,4.23309326171875,9.06427001953125,9.06951904296875,7.99871826171875,4.7835693359375,3.1702880859375,3.698974609375,7.4501953125,5.3128662109375,5.320556640625,4.24908447265625,1.56671142578125,3.17169189453125,-1.65765380859375,1.0137939453125,-4.355712890625,-3.2783203125,-0.58367919921875,-1.65570068359375,-1.1187744140625,-0.58154296875,1.562744140625,0.4912109375,-1.12237548828125,-9.18939208984375,-14.5611572265625,-1.16650390625,13.8785400390625,10.66180419921875,-0.05853271484375,2.09039306640625,-0.06463623046875,2.61444091796875,1.002197265625,1.54278564453125,-7.5716552734375,-3.8253173828125,1.52178955078125,6.89208984375,6.362060546875,5.29217529296875,7.43328857421875,5.8253173828125,10.63958740234375,10.1011962890625,10.0985107421875
4.2388916015625,1.018798828125,0.4862060546875,-1.125,2.6265869140625,7.99163818359375,5.85150146484375,4.2440185546875,3.70733642578125,-0.59130859375,-1.6754150390625,0.44805908203125,-0.60015869140625,-1.66265869140625,-0.0584716796875,2.6234130859375,9.59869384765625,9.60400390625,6.38861083984375,6.391357421875,4.247314453125,2.62872314453125,7.44940185546875,7.9942626953125,6.92718505859375,8.00372314453125,2.63885498046875,3.7088623046875,-0.58526611328125,-0.58929443359375,-4.3558349609375,-0.06658935546875,-1.65997314453125,-1.12078857421875,-2.19293212890625,-2.727783203125,0.4888916015625,-0.0479736328125,-1.1285400390625,-7.57244873046875,-7.5831298828125,0.44476318359375,7.43017578125,-2.745849609375,-0.052001953125,1.01947021484375,2.08502197265625,3.14154052734375,0.4639892578125,-1.13287353515625,-5.4210205078125,-4.90252685546875,-1.167236328125,2.05169677734375,5.81219482421875,3.680908203125,5.82763671875,2.61517333984375,6.89459228515625,6.89031982421875,7.42181396484375
7.9912109375,3.1680908203125,2.095947265625,2.09393310546875,1.55450439453125,7.9920654296875,5.3145751953125,2.63653564453125,2.09954833984375,1.01702880859375,-4.363525390625,-0.072265625,-0.5889892578125,-1.660400390625,-1.1278076171875,1.5513916015625,7.9881591796875,10.67364501953125,9.60400390625,6.39202880859375,2.637451171875,2.63116455078125,9.5911865234375,11.74517822265625,6.92486572265625,6.39202880859375,5.856201171875,1.56341552734375,0.4912109375,1.02081298828125,-3.2786865234375,-1.146240234375,-1.66680908203125,-1.12286376953125,-5.4112548828125,-3.26727294921875,-0.58740234375,1.553955078125,-2.2081298828125,-2.20330810546875,-3.82427978515625,1.5120849609375,-16.74420166015625,-4.34588623046875,1.55908203125,3.7041015625,3.15460205078125,0.45513916015625,-0.600830078125,0.47503662109375,1.00848388671875,-2.2215576171875,-1.17962646484375,-1.71868896484375,2.04473876953125,5.2620849609375,6.880859375,6.354736328125,5.8177490234375,6.880859375,6.341552734375
6.91754150390625,5.31298828125,2.63134765625,1.02166748046875,2.62701416015625,6.3826904296875,5.8525390625,4.24481201171875,2.0977783203125,-1.1287841796875,-0.0712890625,2.08734130859375,-1.1214599609375,-1.658203125,-0.05377197265625,2.62298583984375,5.30548095703125,9.5982666015625,9.06689453125,8.5357666015625,4.7838134765625,5.31243896484375,11.19757080078125,7.9854736328125,9.6036376953125,7.99847412109375,7.462890625,3.1728515625,2.6361083984375,-0.047607421875,2.0880126953125,3.66796875,2.07757568359375,-1.6619873046875,-3.26947021484375,-3.8067626953125,1.01654052734375,2.0782470703125,2.62152099609375,-3.27923583984375,-1.1524658203125,7.41748046875,-3.85565185546875,-4.35015869140625,1.55841064453125,2.63092041015625,2.089599609375,3.1446533203125,2.0784912109375,1.01177978515625,-5.4210205078125,-3.29620361328125,-2.78533935546875,-4.39459228515625,-5.44207763671875,-2.77838134765625,-1.71820068359375,3.0985107421875,5.2252197265625,1.4859619140625,0.94927978515625
8.52520751953125,4.23870849609375,3.168701171875,3.1666259765625,3.1622314453125,6.38299560546875,7.461181640625,4.24530029296875,2.097900390625,-1.66644287109375,2.62109375,2.63055419921875,4.2388916015625,2.0936279296875,-0.0516357421875,-2.1993408203125,1.551513671875,9.5965576171875,10.673583984375,8.53704833984375,4.2467041015625,6.3812255859375,12.2615966796875,8.51885986328125,6.91485595703125,11.21221923828125,9.60455322265625,9.07012939453125,3.1737060546875,2.63580322265625,-0.5906982421875,4.20367431640625,4.21405029296875,-1.126953125,-4.87921142578125,-1.66400146484375,2.08306884765625,3.13580322265625,7.96978759765625,-2.2100830078125,3.67486572265625,12.78741455078125,5.281494140625,-1.13043212890625,4.7786865234375,4.77972412109375,3.70574951171875,2.6148681640625,4.754638671875,1.548583984375,-3.81231689453125,-2.75103759765625,-2.238525390625,-4.3697509765625,0.46380615234375,0.46038818359375,0.44012451171875,-0.64251708984375,-0.666748046875,-6.04931640625,-8.70989990234375
6.915771484375,4.77398681640625,6.921630859375,2.62921142578125,-0.58984375,7.4539794921875,7.45977783203125,5.85406494140625,1.560546875,2.6251220703125,4.234619140625,6.38385009765625,4.23974609375,-0.0494384765625,1.556884765625,-1.12548828125,1.0142822265625,7.9866943359375,6.91802978515625,7.99713134765625,4.24462890625,6.37841796875,9.58056640625,5.30157470703125,9.0582275390625,7.9886474609375,8.5242919921875,10.14013671875,6.927978515625,2.10101318359375,-2.73907470703125,2.07000732421875,2.61236572265625,4.2274169921875,-2.203857421875,-0.593505859375,1.0032958984375,10.07281494140625,17.5897216796875,-2.2196044921875,6.891845703125,9.03106689453125,0.4493408203125,2.63226318359375,5.8524169921875,4.24530029296875,2.09979248046875,0.47821044921875,4.7530517578125,2.080810546875,-2.20184326171875,-2.208740234375,-5.44549560546875,0.43609619140625,1.53765869140625,0.4644775390625,2.0655517578125,-1.1536865234375,-2.2451171875,-10.831298828125,-12.44696044921875
7.45062255859375,4.23870849609375,2.63134765625,1.55670166015625,-0.0548095703125,3.16119384765625,5.31243896484375,5.3153076171875,6.9173583984375,6.37628173828125,4.23681640625,3.703857421875,2.63360595703125,1.0242919921875,2.09368896484375,1.01788330078125,-3.27117919921875,3.1568603515625,6.917724609375,10.677978515625,4.77972412109375,5.30255126953125,7.43743896484375,1.54779052734375,8.5164794921875,11.73565673828125,9.0576171875,9.59716796875,9.0697021484375,2.0970458984375,2.62249755859375,1.54345703125,3.69598388671875,4.22802734375,6.364013671875,2.61785888671875,6.88861083984375,10.07659912109375,12.7584228515625,-0.6322021484375,7.9552001953125,4.1983642578125,-0.0670166015625,5.31451416015625,4.78253173828125,3.70977783203125,3.17279052734375,3.15887451171875,6.35791015625,1.54876708984375,-1.66265869140625,-5.41925048828125,-1.69287109375,7.4085693359375,4.7481689453125,3.6802978515625,6.3564453125,3.66943359375,2.0474853515625,-2.24951171875,2.570068359375
8.52032470703125,5.84613037109375,2.62921142578125,1.01959228515625,1.015380859375,3.69207763671875,5.84649658203125,4.2335205078125,6.90850830078125,3.69354248046875,6.38189697265625,3.70440673828125,4.77783203125,2.0960693359375,2.0936279296875,1.01995849609375,-2.1993408203125,-0.0576171875,7.98773193359375,7.99249267578125,5.313232421875,4.2276611328125,3.1510009765625,1.01318359375,1.54278564453125,3.688720703125,7.9794921875,5.83807373046875,11.20751953125,7.45440673828125,0.469482421875,-4.89678955078125,1.01898193359375,3.161865234375,6.9100341796875,6.906982421875,4.7435302734375,7.40380859375,4.70361328125,5.79296875,5.257568359375,3.12786865234375,4.22894287109375,3.70556640625,3.17205810546875,2.6368408203125,0.48992919921875,3.69647216796875,2.60711669921875,-0.59381103515625,-2.19952392578125,-1.6669921875,2.5931396484375,9.02032470703125,1.53363037109375,2.07080078125,1.53460693359375,-0.614990234375,3.66754150390625,6.34625244140625,3.13525390625
7.44268798828125,7.44952392578125,6.38226318359375,2.0924072265625,-0.59173583984375,3.6951904296875,2.61865234375,6.906005859375,4.22650146484375,3.1607666015625,4.23309326171875,5.8465576171875,4.2408447265625,1.02447509765625,2.63055419921875,1.5567626953125,0.48095703125,1.5513916015625,4.23211669921875,7.9898681640625,4.77349853515625,6.3734130859375,3.6927490234375,1.01556396484375,2.084716796875,2.61431884765625,2.0823974609375,3.6876220703125,6.910400390625,7.98699951171875,-2.77093505859375,-10.27886962890625,-0.05792236328125,3.165283203125,3.69854736328125,5.30511474609375,8.51416015625,4.7325439453125,6.31201171875,9.0048828125,3.642333984375,-0.631591796875,1.5419921875,-0.587646484375,-0.04833984375,-0.58544921875,-0.58526611328125,0.47821044921875,6.36102294921875,1.0076904296875,1.55010986328125,-2.74114990234375,4.190673828125,-0.07916259765625,-5.42327880859375,-2.2120361328125,-3.28277587890625,3.14459228515625,5.82269287109375,1.003173828125,3.14923095703125
5.29681396484375,6.376220703125,7.990234375,5.8448486328125,1.553955078125,2.08538818359375,0.4677734375,3.15142822265625,2.08685302734375,-0.05523681640625,3.69873046875,3.70025634765625,3.703857421875,3.70343017578125,0.48748779296875,-0.0494384765625,1.02032470703125,3.16046142578125,2.62200927734375,4.76922607421875,3.69854736328125,1.544677734375,1.0142822265625,3.161865234375,-1.6624755859375,-0.59307861328125,-1.13006591796875,1.5487060546875,3.1552734375,2.61395263671875,-1.708251953125,-6.515625,1.01519775390625,1.019775390625,6.38909912109375,6.92572021484375,7.44842529296875,6.35498046875,7.94244384765625,7.39697265625,3.10345458984375,3.6534423828125,-1.68121337890625,2.0904541015625,1.55535888671875,2.09295654296875,2.0914306640625,2.62200927734375,4.7568359375,1.5452880859375,-2.74114990234375,-1.14752197265625,3.6517333984375,-2.75146484375,-4.3502197265625,1.539794921875,2.61236572265625,5.29052734375,4.2247314453125,5.303955078125,2.6234130859375
1.003662109375,6.37188720703125,4.23150634765625,2.62554931640625,2.0880126953125,0.4703369140625,1.53466796875,4.7659912109375,0.48236083984375,1.01959228515625,3.163818359375,7.98944091796875,4.23681640625,5.31048583984375,3.70343017578125,4.23822021484375,4.23834228515625,1.01861572265625,3.69464111328125,3.694091796875,2.62091064453125,-0.6031494140625,6.37744140625,3.164794921875,1.02081298828125,-1.12518310546875,-1.12750244140625,-2.7342529296875,-0.05694580078125,-0.60748291015625,2.0491943359375,-1.16241455078125,1.54815673828125,0.482177734375,6.92572021484375,3.7060546875,4.76202392578125,-2.7689208984375,-2.24560546875,3.63818359375,19.19451904296875,4.72222900390625,-0.079833984375,3.158447265625,0.4825439453125,1.55438232421875,-1.66021728515625,1.0140380859375,-0.065185546875,2.07110595703125,-0.07244873046875,5.25457763671875,2.58758544921875,-1.67578125,-0.0657958984375,-1.67254638671875,2.61407470703125,-0.06231689453125,2.62213134765625,3.70037841796875,4.77490234375
3.67816162109375,2.0657958984375,3.14117431640625,5.28607177734375,5.2833251953125,6.89141845703125,8.51141357421875,4.76885986328125,3.70263671875,-0.587646484375,3.69635009765625,5.84210205078125,7.98583984375,5.84552001953125,5.31048583984375,4.77349853515625,3.70172119140625,1.55810546875,2.09161376953125,3.16156005859375,-2.20831298828125,1.53662109375,10.12646484375,7.45159912109375,5.31024169921875,2.09393310546875,2.62896728515625,1.5570068359375,1.018310546875,-1.1400146484375,1.52630615234375,-2.76611328125,4.22918701171875,1.0174560546875,-0.58843994140625,-0.06219482421875,1.53265380859375,-9.19891357421875,-10.81402587890625,-8.14947509765625,4.1749267578125,6.864501953125,-5.44866943359375,-0.59124755859375,1.55352783203125,-0.0545654296875,-0.05609130859375,-3.81292724609375,2.07623291015625,0.99432373046875,-0.62353515625,5.25213623046875,-2.754150390625,-3.2852783203125,0.4691162109375,-0.06396484375,3.1529541015625,5.30126953125,3.16143798828125,3.69720458984375,1.5550537109375
-2.23187255859375,-2.23480224609375,0.98675537109375,-1.15771484375,6.33355712890625,3.113037109375,0.44598388671875,2.072998046875,5.30548095703125,2.09161376953125,2.08843994140625,1.55096435546875,6.91021728515625,7.449462890625,6.38006591796875,4.77349853515625,2.62994384765625,4.7750244140625,2.09423828125,1.55596923828125,-0.6029052734375,6.88427734375,9.033935546875,5.292236328125,4.76129150390625,8.52215576171875,4.7724609375,4.236083984375,4.23974609375,1.5489501953125,1.54095458984375,0.4503173828125,2.6202392578125,3.69281005859375,2.61199951171875,0.46356201171875,-5.96728515625,-6.51251220703125,-6.52655029296875,-11.3621826171875,-14.05413818359375,-1.1859130859375,-4.9229736328125,2.62158203125,0.48236083984375,-2.73406982421875,-2.20166015625,1.00689697265625,2.608642578125,1.5316162109375,3.65667724609375,9.55364990234375,2.06512451171875,0.992431640625,1.00726318359375,3.68988037109375,7.44805908203125,4.76904296875,5.30816650390625,3.69793701171875,13.884521484375
-0.60693359375,-1.13934326171875,-2.20892333984375,-3.825439453125,-2.77032470703125,-4.92230224609375,-2.77655029296875,0.44781494140625,2.61737060546875,-0.59478759765625,-0.590576171875,1.54779052734375,7.9786376953125,9.58807373046875,6.9124755859375,8.5228271484375,5.84259033203125,3.70135498046875,5.312744140625,-0.589111328125,0.467041015625,6.3441162109375,4.74456787109375,5.82611083984375,6.9027099609375,7.9815673828125,9.5921630859375,5.29949951171875,4.23797607421875,2.08892822265625,6.3719482421875,0.46563720703125,4.2255859375,1.00347900390625,-1.6763916015625,-1.67657470703125,-3.2882080078125,-2.23590087890625,-6.0069580078125,-5.47930908203125,-11.3681640625,-4.40057373046875,-11.36346435546875,3.69036865234375,2.0892333984375,-0.05609130859375,3.1552734375,2.61346435546875,4.752197265625,5.2867431640625,8.4931640625,11.17010498046875,2.60308837890625,-3.81964111328125,2.6094970703125,4.76397705078125,4.232666015625,2.62701416015625,2.628662109375,21.9208984375,31.55389404296875
2.61859130859375,1.548828125,1.0072021484375,2.06072998046875,-4.3822021484375,-1.1517333984375,-3.28802490234375,-2.75927734375,4.22845458984375,1.55364990234375,1.55267333984375,-1.66729736328125,5.8309326171875,5.29437255859375,9.583251953125,5.8365478515625,6.91070556640625,6.91314697265625,5.84552001953125,3.69879150390625,6.36566162109375,5.8272705078125,7.98016357421875,5.8431396484375,5.30810546875,3.69598388671875,3.15411376953125,5.29522705078125,4.75946044921875,1.00347900390625,0.99298095703125,7.42572021484375,4.75103759765625,-1.678955078125,-0.60516357421875,-0.0687255859375,6.89678955078125,3.14202880859375,3.65899658203125,0.95172119140625,-2.77874755859375,-10.8292236328125,-8.138427734375,-1.1387939453125,2.62322998046875,2.62322998046875,3.15325927734375,4.2197265625,5.29144287109375,3.1416015625,5.818359375,10.10418701171875,6.35516357421875,4.2176513671875,2.0789794921875,5.3018798828125,1.5533447265625,1.55731201171875,11.74578857421875,33.6873779296875,37.984375
1.54962158203125,1.54766845703125,-2.7535400390625,-3.3046875,0.451171875,-3.28271484375,-3.819580078125,2.07269287109375,5.302734375,3.1600341796875,2.62384033203125,1.54876708984375,2.6151123046875,2.613037109375,4.7548828125,5.29388427734375,4.7615966796875,4.76177978515625,2.616455078125,1.54119873046875,5.83026123046875,0.4759521484375,4.7708740234375,4.77276611328125,3.16436767578125,4.23431396484375,3.15289306640625,6.35845947265625,7.9605712890625,5.81048583984375,4.72332763671875,5.7730712890625,1.5118408203125,4.20355224609375,4.21441650390625,3.68121337890625,8.5037841796875,5.81024169921875,4.17510986328125,6.84552001953125,6.332275390625,-7.6029052734375,-8.67669677734375,0.471923828125,2.09002685546875,3.694091796875,3.15093994140625,5.2918701171875,4.21954345703125,4.21478271484375,9.5694580078125,9.5694580078125,5.28240966796875,4.2166748046875,1.54296875,2.08538818359375,4.239990234375,2.0888671875,34.2318115234375,39.05548095703125,37.4464111328125
-1.67120361328125,0.4659423828125,-0.08331298828125,2.59967041015625,2.075927734375,-0.59979248046875,-0.60382080078125,-0.60015869140625,3.6929931640625,4.7686767578125,5.3011474609375,3.1563720703125,-2.204345703125,3.68377685546875,-0.600830078125,-0.06549072265625,2.6153564453125,0.46466064453125,3.67535400390625,0.98785400390625,4.75531005859375,3.69647216796875,4.23382568359375,-0.5943603515625,1.54449462890625,5.823974609375,5.81866455078125,5.271728515625,-1.1689453125,7.40142822265625,0.42132568359375,-0.12799072265625,2.02850341796875,5.2523193359375,6.87298583984375,8.48284912109375,7.943115234375,4.18243408203125,-3.8642578125,-10.8270263671875,-2.79840087890625,3.65966796875,2.0546875,1.00579833984375,6.910888671875,4.22442626953125,2.07659912109375,4.22039794921875,1.0010986328125,5.82098388671875,9.57086181640625,7.96197509765625,5.28375244140625,1.002197265625,2.616943359375,-1.67047119140625,4.7684326171875,20.8125,36.908447265625,37.44488525390625,36.9102783203125
1.53179931640625,3.66290283203125,9.02911376953125,1.54217529296875,2.0806884765625,-0.5970458984375,-3.27789306640625,3.68597412109375,4.22711181640625,6.91021728515625,5.8359375,4.76470947265625,4.75933837890625,3.68865966796875,4.22271728515625,2.08154296875,1.53619384765625,5.27471923828125,-0.11553955078125,3.656005859375,3.68475341796875,1.55145263671875,3.1590576171875,1.005859375,4.74603271484375,5.2762451171875,7.40643310546875,1.50579833984375,5.263427734375,3.10931396484375,5.23992919921875,2.5233154296875,-2.8165283203125,9.52337646484375,11.147216796875,6.3251953125,2.5775146484375,-4.3758544921875,-9.71148681640625,-7.58880615234375,-8.67388916015625,-3.3353271484375,7.3997802734375,6.8829345703125,5.82330322265625,1.00335693359375,3.14935302734375,1.002197265625,3.14398193359375,7.96337890625,7.43389892578125,7.9659423828125,3.67181396484375,1.00079345703125,4.74884033203125,2.06610107421875,21.34405517578125,29.38629150390625,36.908447265625,21.33282470703125,23.46954345703125
2.58294677734375,5.26708984375,5.81915283203125,2.08123779296875,0.47613525390625,-0.59429931640625,-0.596435546875,-1.66973876953125,0.473876953125,8.51177978515625,4.22979736328125,3.69146728515625,3.68865966796875,6.36737060546875,4.2269287109375,2.61773681640625,0.45843505859375,2.03900146484375,-5.998046875,-3.31927490234375,5.28314208984375,2.611572265625,2.606689453125,3.67340087890625,2.05706787109375,5.2701416015625,4.73138427734375,5.80322265625,6.337646484375,4.18115234375,3.62725830078125,-1.72662353515625,-6.55712890625,-9.76617431640625,5.770263671875,7.9371337890625,0.98870849609375,-0.07708740234375,-5.42254638671875,-5.41473388671875,-7.03271484375,-11.8919677734375,-11.922607421875,-0.1182861328125,0.44610595703125,-0.0711669921875,3.68463134765625,2.07659912109375,10.11712646484375,4.75994873046875,5.83343505859375,2.0792236328125,3.68389892578125,4.74298095703125,3.1353759765625,6.85723876953125,18.10687255859375,21.33502197265625,21.8614501953125,-2.8140869140625,-16.73602294921875
-0.66497802734375,7.95440673828125,3.14739990234375,3.68951416015625,2.08453369140625,1.01373291015625,2.6199951171875,-2.20428466796875,2.07965087890625,2.61431884765625,6.36810302734375,9.58428955078125,7.4385986328125,3.69091796875,4.76092529296875,0.4686279296875,4.1973876953125,-0.62139892578125,-0.61309814453125,2.5926513671875,9.0364990234375,5.2928466796875,-0.069091796875,-0.0799560546875,0.97442626953125,0.4447021484375,3.13067626953125,2.05352783203125,5.79345703125,4.7259521484375,5.795654296875,2.03717041015625,-8.1492919921875,-10.2867431640625,-0.113037109375,4.7213134765625,-0.62127685546875,-1.68194580078125,-4.35699462890625,-2.20416259765625,-3.275390625,-0.07421875,-14.59197998046875,-16.755859375,-6.53375244140625,0.46142578125,3.68743896484375,5.29852294921875,4.76568603515625,3.1571044921875,2.08782958984375,6.3773193359375,5.30108642578125,3.6807861328125,4.195068359375,-2.27239990234375,13.8179931640625,16.5184326171875,3.10882568359375,-3.82781982421875,-5.96429443359375
4.19329833984375,4.21051025390625,7.96710205078125,5.29669189453125,5.2998046875,-0.05706787109375,2.08563232421875,-0.061767578125,-0.06402587890625,6.3629150390625,7.43658447265625,7.970947265625,5.828857421875,5.29437255859375,2.6129150390625,4.735595703125,1.50067138671875,-3.824951171875,-3.84197998046875,6.34759521484375,7.96630859375,5.83526611328125,5.3018798828125,3.1563720703125,2.61773681640625,5.29119873046875,5.8201904296875,4.73028564453125,11.16998291015625,9.03863525390625,8.4874267578125,1.51202392578125,-3.31048583984375,-8.13629150390625,-9.7401123046875,-9.74371337890625,-6.53118896484375,-4.91656494140625,-5.43951416015625,-0.61053466796875,-0.598388671875,-0.06402587890625,-1.69287109375,-7.6375732421875,0.9635009765625,6.88201904296875,6.9044189453125,5.84124755859375,3.698974609375,6.37579345703125,5.84295654296875,4.2274169921875,5.29949951171875,6.89849853515625,2.5914306640625,8.996337890625,7.9349365234375,-1.15972900390625,-2.21392822265625,-2.21173095703125,-0.60968017578125
3.134765625,0.9979248046875,5.8236083984375,6.36737060546875,6.3701171875,6.90692138671875,1.01434326171875,2.08294677734375,2.61480712890625,4.21826171875,6.35906982421875,5.82342529296875,1.53802490234375,2.60693359375,3.66949462890625,-1.72344970703125,-1.15484619140625,-3.29351806640625,-6.5208740234375,5.27252197265625,3.68341064453125,8.51409912109375,4.2281494140625,7.97821044921875,5.2960205078125,7.96923828125,7.414794921875,7.4075927734375,6.90960693359375,6.374267578125,3.67364501953125,-2.23590087890625,-3.30755615234375,-1.17022705078125,-3.83343505859375,-2.21966552734375,-5.43572998046875,-4.92236328125,-8.664794921875,-2.230224609375,0.46112060546875,1.00067138671875,-1.158447265625,-3.341796875,4.69610595703125,2.04730224609375,3.138916015625,5.297119140625,4.22711181640625,3.6893310546875,-0.06634521484375,4.76202392578125,4.76129150390625,4.22650146484375,2.06512451171875,-2.79022216796875,-2.23199462890625,-1.14166259765625,-0.0657958984375,-1.68328857421875,1.52606201171875
5.283203125,3.6781005859375,2.6077880859375,6.36328125,4.22271728515625,5.2940673828125,4.22589111328125,4.22540283203125,2.07501220703125,2.07794189453125,-0.6060791015625,2.0748291015625,2.07147216796875,2.59710693359375,-1.178466796875,-5.4627685546875,1.52880859375,-4.3819580078125,-11.36065673828125,0.44525146484375,9.03448486328125,5.2940673828125,6.36810302734375,9.04461669921875,5.82830810546875,7.42254638671875,8.4747314453125,4.21875,5.843505859375,7.44854736328125,2.60076904296875,1.518798828125,0.44158935546875,-3.3018798828125,-1.69287109375,1.53509521484375,-2.20660400390625,1.00653076171875,2.60406494140625,0.97991943359375,-0.1094970703125,5.776123046875,2.562255859375,5.77154541015625,-3.3553466796875,-6.0206298828125,-4.3944091796875,-5.99853515625,2.5849609375,-2.775390625,-2.76153564453125,2.6162109375,6.37286376953125,3.15478515625,-3.296142578125,-7.056640625,-4.8955078125,-4.88983154296875,-0.07086181640625,-2.219970703125,1.52581787109375
2.61029052734375,3.1473388671875,-0.07159423828125,4.2176513671875,5.2896728515625,4.75738525390625,8.50823974609375,4.75994873046875,5.2943115234375,1.0072021484375,3.15130615234375,0.471923828125,2.60736083984375,-2.76983642578125,-2.77923583984375,3.6729736328125,2.59637451171875,-2.78924560546875,-6.006103515625,-2.76513671875,3.6787109375,6.900146484375,6.900146484375,8.5052490234375,5.82098388671875,6.34112548828125,8.48297119140625,4.76397705078125,4.23211669921875,3.68695068359375,-1.68463134765625,-1.1593017578125,5.79522705078125,0.44769287109375,-0.086669921875,0.45025634765625,2.6041259765625,5.291259765625,3.68170166015625,4.20782470703125,3.64776611328125,6.8399658203125,-1.73114013671875,-7.09185791015625,-16.7578125,-12.46136474609375,-9.7725830078125,-4.4068603515625,3.6473388671875,3.64453125,-0.641357421875,-4.9232177734375,5.8316650390625,2.61474609375,-4.36614990234375,-1.6805419921875,-4.35577392578125,-4.3577880859375,-4.8968505859375,-4.3616943359375,-0.08099365234375
2.60693359375,3.146484375,3.14874267578125,3.14874267578125,3.68341064453125,4.2178955078125,5.8260498046875,8.5052490234375,6.3653564453125,3.15142822265625,1.54644775390625,2.0826416015625,1.538330078125,-0.0885009765625,3.13299560546875,5.28076171875,-1.16436767578125,-1.17938232421875,-4.9129638671875,-3.28546142578125,2.60980224609375,0.46795654296875,-1.1376953125,-0.06890869140625,4.74200439453125,4.7276611328125,8.4935302734375,4.76605224609375,6.3751220703125,3.1529541015625,1.00341796875,-0.61395263671875,6.33837890625,3.664794921875,6.8778076171875,6.8665771484375,12.21246337890625,4.184326171875,10.6138916015625,6.8729248046875,4.18756103515625,0.975830078125,-4.391357421875,-10.83203125,-15.68524169921875,-17.27789306640625,-9.75323486328125,-9.218994140625,-0.09130859375,3.14019775390625,6.36181640625,2.059814453125,3.6749267578125,0.45794677734375,0.4632568359375,3.1463623046875,2.07696533203125,-3.83367919921875,-3.82806396484375,-3.83056640625,-0.61688232421875
3.6806640625,4.22265625,-0.06549072265625,2.07525634765625,3.14898681640625,4.2176513671875,6.88665771484375,8.500732421875,3.6806640625,6.35845947265625,6.36749267578125,3.68133544921875,2.60516357421875,5.8104248046875,4.7471923828125,0.455810546875,-0.647216796875,-2.77923583984375,-4.8958740234375,-0.59918212890625,0.4725341796875,0.47283935546875,-2.20660400390625,-2.7435302734375,1.53094482421875,-0.09100341796875,5.81585693359375,6.90765380859375,5.83392333984375,0.473876953125,1.54327392578125,1.005859375,1.5325927734375,2.05615234375,2.59326171875,9.00567626953125,6.3123779296875,2.0234375,0.95989990234375,2.5733642578125,1.50396728515625,3.6556396484375,-5.46636962890625,-7.603515625,-8.15386962890625,-8.6817626953125,-5.4605712890625,-2.76153564453125,-2.7586669921875,5.291259765625,5.29833984375,3.68865966796875,11.19256591796875,10.66241455078125,10.1279296875,5.29949951171875,6.35882568359375,2.0726318359375,0.9940185546875,-1.68475341796875,-4.8994140625
-0.06658935546875,2.07757568359375,2.07666015625,2.613037109375,2.0775146484375,1.00250244140625,3.141845703125,3.67095947265625,4.74444580078125,4.20489501953125,6.35308837890625,4.74835205078125,4.2161865234375,4.21728515625,2.6080322265625,-6.5260009765625,-7.07244873046875,5.81585693359375,4.7547607421875,4.22503662109375,2.61773681640625,3.15582275390625,2.084716796875,1.547607421875,-0.600830078125,-2.76202392578125,5.269775390625,3.68511962890625,1.00848388671875,-1.134765625,1.0142822265625,3.15655517578125,1.5418701171875,-0.0811767578125,3.1275634765625,9.002685546875,7.38458251953125,4.17279052734375,2.04022216796875,-0.62298583984375,-1.70538330078125,0.97265625,-1.16143798828125,3.138671875,5.2867431640625,3.12969970703125,-0.61676025390625,-3.828369140625,3.14385986328125,3.67901611328125,6.906982421875,2.08587646484375,6.379638671875,11.20928955078125,6.908935546875,4.2274169921875,6.36669921875,2.07171630859375,2.603515625,2.60040283203125,-2.2218017578125
4.224365234375,5.29638671875,-0.06695556640625,2.07403564453125,3.67840576171875,6.894287109375,5.2864990234375,4.747314453125,3.66729736328125,3.6641845703125,2.05914306640625,0.99493408203125,2.07720947265625,1.0023193359375,-0.0828857421875,-6.52301025390625,0.98748779296875,7.96844482421875,7.4385986328125,3.15234375,5.29644775390625,2.08477783203125,3.69427490234375,2.6201171875,3.15142822265625,1.5325927734375,1.53045654296875,0.468994140625,1.54541015625,2.62322998046875,2.08984375,5.843505859375,1.5479736328125,3.6829833984375,5.8074951171875,6.30938720703125,18.036865234375,23.3719482421875,4.19036865234375,0.99700927734375,2.0709228515625,2.05999755859375,0.99163818359375,5.82666015625,3.1541748046875,3.1429443359375,0.9876708984375,2.60479736328125,4.21221923828125,11.16729736328125,12.7747802734375,6.3643798828125,5.3055419921875,3.16119384765625,7.9837646484375,5.297119140625,9.5810546875,5.2860107421875,6.8875732421875,3.66607666015625,-1.69293212890625
3.681640625,3.6864013671875,2.07757568359375,3.14862060546875,3.135986328125,3.67633056640625,6.8802490234375,7.95489501953125,2.5914306640625,0.98175048828125,3.66998291015625,0.999755859375,5.8265380859375,5.2896728515625,3.134521484375,3.67279052734375,3.6806640625,1.53936767578125,7.4290771484375,6.89508056640625,4.22320556640625,5.83392333984375,3.69036865234375,3.69036865234375,1.003662109375,2.60455322265625,0.4638671875,1.54541015625,2.6197509765625,-0.0576171875,7.45074462890625,4.2288818359375,0.47039794921875,-1.1395263671875,-1.6824951171875,-0.09521484375,6.27459716796875,16.95831298828125,5.27569580078125,3.14898681640625,3.15106201171875,1.53680419921875,4.2176513671875,3.68963623046875,4.2274169921875,4.22021484375,4.1981201171875,2.05853271484375,2.60455322265625,13.838623046875,10.60455322265625,15.44085693359375,13.32513427734375,9.59124755859375,6.910400390625,6.9051513671875,7.96966552734375,10.64129638671875,7.40557861328125,1.518798828125,2.5904541015625
-0.0771484375,7.4354248046875,5.8291015625,2.61126708984375,4.21282958984375,2.06512451171875,7.4139404296875,3.66033935546875,4.184326171875,3.6702880859375,2.07110595703125,-0.06719970703125,2.6094970703125,9.57806396484375,8.50543212890625,2.6138916015625,3.15142822265625,5.2916259765625,2.6080322265625,6.35772705078125,4.21826171875,-0.06536865234375,2.6162109375,1.5443115234375,1.54132080078125,0.998291015625,2.60992431640625,5.298828125,3.69476318359375,5.83807373046875,2.61968994140625,-0.60186767578125,2.07879638671875,0.47149658203125,-3.28057861328125,0.99407958984375,0.43505859375,4.1734619140625,1.0010986328125,3.6927490234375,3.15277099609375,4.214111328125,3.6876220703125,1.549072265625,2.61859130859375,5.28887939453125,6.8514404296875,2.04718017578125,0.98443603515625,5.79168701171875,8.47235107421875,6.8575439453125,9.52508544921875,5.27215576171875,4.75738525390625,4.7567138671875,7.42974853515625,8.49078369140625,8.48394775390625,2.5845947265625,2.0443115234375
2.603515625,-0.0775146484375,5.28594970703125,3.1402587890625,2.60693359375,2.06561279296875,4.20416259765625,2.05859375,3.13104248046875,3.67578125,1.00164794921875,-0.0675048828125,2.072998046875,7.436767578125,6.36871337890625,6.363037109375,4.22467041015625,3.14898681640625,5.82342529296875,1.00250244140625,2.0697021484375,1.0091552734375,-0.06494140625,-0.59710693359375,-0.5997314453125,0.46661376953125,4.75482177734375,2.61859130859375,3.69036865234375,4.22021484375,5.2918701171875,1.00604248046875,2.6171875,0.4764404296875,0.4764404296875,-2.2115478515625,2.06561279296875,0.99285888671875,2.6138916015625,3.15411376953125,0.47247314453125,3.15411376953125,1.0128173828125,2.62255859375,1.00970458984375,9.02630615234375,6.84912109375,3.1092529296875,1.52557373046875,5.806640625,7.938232421875,1.50384521484375,2.02239990234375,-1.72698974609375,-4.391357421875,8.49847412109375,6.8878173828125,11.170654296875,4.1807861328125,3.6488037109375,4.17999267578125
-0.07861328125,-1.68743896484375,3.13525390625,3.67254638671875,6.35845947265625,2.60693359375,5.8177490234375,-0.07708740234375,6.88897705078125,4.215087890625,2.07525634765625,2.07373046875,3.68017578125,5.2939453125,9.0504150390625,6.36639404296875,1.00726318359375,2.6162109375,4.75634765625,2.0750732421875,2.07781982421875,2.61822509765625,0.47723388671875,3.1568603515625,1.54681396484375,1.53863525390625,4.215087890625,2.61138916015625,4.22265625,1.003662109375,3.146484375,2.61407470703125,1.01080322265625,2.08355712890625,-0.05755615234375,0.47216796875,3.14508056640625,3.6800537109375,1.0023193359375,4.22174072265625,0.4700927734375,0.47552490234375,5.84161376953125,4.76885986328125,4.2169189453125,3.11248779296875,5.23858642578125,0.42083740234375,2.05303955078125,3.1126708984375,7.40057373046875,2.57305908203125,-2.2486572265625,-10.85540771484375,-8.6995849609375,2.0531005859375,7.42486572265625,11.70068359375,5.77984619140625,6.2890625,2.53564453125
-1.15362548828125,-3.29913330078125,2.05889892578125,-0.61834716796875,3.67523193359375,3.6778564453125,5.81317138671875,2.070068359375,2.0670166015625,4.21539306640625,3.14398193359375,5.28411865234375,4.21142578125,6.35821533203125,2.07147216796875,-0.0697021484375,1.54278564453125,0.4656982421875,2.07977294921875,2.61370849609375,4.22265625,2.6162109375,6.37115478515625,3.68695068359375,4.21820068359375,0.99853515625,3.12890625,3.6778564453125,-0.6025390625,1.54327392578125,2.61444091796875,2.61676025390625,4.76416015625,3.1588134765625,7.45074462890625,5.838623046875,2.080078125,2.07421875,4.75347900390625,2.07666015625,1.5443115234375,3.69232177734375,4.23150634765625,5.29986572265625,2.07318115234375,2.0634765625,7.4061279296875,5.25811767578125,4.1905517578125,5.2523193359375,8.99346923828125,6.8570556640625,-0.1016845703125,-10.85736083984375,-2.8056640625,3.64654541015625,6.34814453125,3.6455078125,10.0501708984375,7.3514404296875,6.81903076171875
1.53094482421875,3.67071533203125,0.97991943359375,4.2015380859375,5.81585693359375,1.534423828125,1.53717041015625,4.21356201171875,3.6778564453125,4.74853515625,3.135986328125,6.34136962890625,4.74151611328125,1.52178955078125,-0.07574462890625,1.0023193359375,-0.60137939453125,4.76409912109375,1.5458984375,2.6148681640625,3.68328857421875,3.1429443359375,2.608642578125,1.536865234375,3.14068603515625,1.52459716796875,2.58746337890625,5.28411865234375,1.5439453125,1.54620361328125,4.22662353515625,6.3648681640625,4.75927734375,4.76373291015625,5.8388671875,7.98291015625,4.22064208984375,1.53173828125,0.46240234375,-0.06719970703125,1.0072021484375,3.15216064453125,6.90606689453125,7.43975830078125,2.61126708984375,-0.60626220703125,-0.07684326171875,3.66241455078125,7.39569091796875,7.92236328125,4.16845703125,2.5733642578125,-6.5374755859375,-14.0924072265625,-1.22235107421875,1.5072021484375,4.73736572265625,6.8642578125,8.44677734375,5.22650146484375,4.690673828125
5.278564453125,0.45037841796875,4.73468017578125,3.12811279296875,0.9930419921875,0.99713134765625,1.5382080078125,5.29351806640625,1.00048828125,4.2100830078125,2.05926513671875,1.52203369140625,0.453125,4.74444580078125,1.5303955078125,1.00518798828125,1.01165771484375,1.0142822265625,2.6217041015625,1.0107421875,0.46746826171875,-1.1396484375,1.53839111328125,-1.6793212890625,-1.14483642578125,2.5986328125,3.65838623046875,4.206298828125,3.6865234375,4.22845458984375,2.6158447265625,6.9046630859375,10.11279296875,6.89971923828125,3.14794921875,5.82879638671875,2.072998046875,-0.072265625,-0.60699462890625,2.07757568359375,1.54248046875,6.89593505859375,3.6793212890625,2.59710693359375,2.611572265625,4.22589111328125,4.22406005859375,11.6978759765625,3.09808349609375,2.033203125,3.1163330078125,2.58245849609375,-3.30487060546875,-18.91845703125,-7.63800048828125,3.65966796875,7.42486572265625,9.55517578125,7.91448974609375,5.74853515625,2.5294189453125
4.73931884765625,6.34619140625,4.7374267578125,3.13348388671875,2.60186767578125,2.07476806640625,4.224365234375,3.14971923828125,1.00384521484375,2.6043701171875,4.206298828125,3.1343994140625,2.60272216796875,0.998291015625,2.07373046875,4.75360107421875,5.839111328125,2.6229248046875,5.8409423828125,4.763916015625,3.68963623046875,2.07659912109375,2.613037109375,-0.6026611328125,2.07525634765625,3.13568115234375,-0.08807373046875,1.5189208984375,2.06964111328125,4.2249755859375,7.97454833984375,10.11212158203125,5.82110595703125,9.03607177734375,0.999755859375,-0.06903076171875,-1.14129638671875,2.60992431640625,2.07513427734375,1.00347900390625,1.00347900390625,5.2833251953125,3.13525390625,0.9945068359375,-1.67864990234375,3.1483154296875,3.14453125,13.81982421875,-6.0098876953125,-2.767822265625,2.5927734375,2.05889892578125,3.132080078125,-7.07696533203125,3.659423828125,6.8984375,9.57672119140625,6.3426513671875,3.6302490234375,3.60211181640625,3.60089111328125
8.478271484375,10.09466552734375,4.73931884765625,7.95513916015625,6.3525390625,4.21466064453125,7.43804931640625,6.906982421875,3.68475341796875,0.4658203125,-0.07513427734375,2.6009521484375,2.60693359375,4.216552734375,2.07513427734375,4.2252197265625,2.61822509765625,3.15338134765625,3.1527099609375,3.15142822265625,2.61309814453125,3.6844482421875,4.75787353515625,3.1478271484375,1.5408935546875,1.00347900390625,3.14117431640625,1.5216064453125,4.1995849609375,4.20379638671875,9.03338623046875,7.418701171875,7.4149169921875,4.20465087890625,0.99700927734375,-0.0662841796875,2.08453369140625,3.1546630859375,5.29425048828125,4.2193603515625,5.823974609375,4.74603271484375,2.60040283203125,0.45947265625,1.0006103515625,2.072265625,13.8265380859375,3.59814453125,-2.77362060546875,1.5272216796875,0.99114990234375,0.459716796875,1.53302001953125,-0.089111328125,4.21533203125,4.75823974609375,9.03521728515625,4.74072265625,1.4976806640625,2.01873779296875,5.77325439453125
5.26788330078125,6.8758544921875,8.48419189453125,6.34454345703125,7.95355224609375,6.88836669921875,7.42840576171875,10.65106201171875,9.580810546875,6.3580322265625,4.74932861328125,2.06732177734375,1.533203125,6.89324951171875,1.53582763671875,6.90264892578125,2.07769775390625,4.2255859375,-0.0657958984375,-0.0687255859375,2.6103515625,3.1441650390625,3.6806640625,5.2894287109375,4.74908447265625,5.82647705078125,4.214111328125,2.5986328125,0.4327392578125,1.5118408203125,5.80755615234375,5.80419921875,0.983154296875,5.81072998046875,5.28546142578125,4.7620849609375,2.623291015625,2.61865234375,4.7581787109375,3.66546630859375,3.13555908203125,-0.6142578125,-0.612060546875,2.60736083984375,0.99822998046875,5.81561279296875,14.86663818359375,-4.9417724609375,-0.0882568359375,0.4473876953125,-1.14678955078125,0.9984130859375,3.67431640625,3.13580322265625,9.5863037109375,6.89410400390625,7.9732666015625,3.13165283203125,-0.62701416015625,1.51934814453125,2.5909423828125
3.125,6.33587646484375,7.40411376953125,6.33587646484375,5.26190185546875,8.4791259765625,9.550537109375,9.02081298828125,12.246826171875,7.4248046875,5.28167724609375,4.7384033203125,5.815185546875,0.45562744140625,0.45245361328125,-0.60906982421875,-0.0660400390625,2.61932373046875,-1.671142578125,-2.20855712890625,3.68463134765625,2.6060791015625,0.45867919921875,0.9931640625,5.81866455078125,4.74725341796875,4.20654296875,3.6702880859375,4.7205810546875,3.0965576171875,-0.1016845703125,1.518798828125,-1.153564453125,0.99285888671875,-0.072265625,3.1522216796875,3.15679931640625,4.7635498046875,4.216064453125,3.66796875,2.59246826171875,2.06939697265625,2.6019287109375,2.60430908203125,6.885986328125,11.6654052734375,4.6812744140625,-0.098388671875,0.9827880859375,0.4560546875,1.53265380859375,4.214599609375,8.48382568359375,11.138427734375,10.10687255859375,5.826904296875,6.362548828125,7.9615478515625,2.06024169921875,-1.6884765625,0.45953369140625
0.98486328125,-0.62786865234375,-0.09368896484375,5.26153564453125,5.792236328125,6.86029052734375,7.388427734375,4.1844482421875,9.54986572265625,3.66217041015625,2.58758544921875,6.344970703125,4.72412109375,2.59454345703125,-0.07684326171875,0.4656982421875,1.53594970703125,4.2291259765625,-0.0614013671875,2.6180419921875,-0.6019287109375,3.1453857421875,1.53277587890625,3.13067626953125,1.52783203125,-0.0836181640625,-2.224609375,4.736572265625,4.71502685546875,5.228759765625,-0.6529541015625,3.66326904296875,2.06524658203125,2.071044921875,3.14739990234375,3.14971923828125,4.76068115234375,4.7557373046875,3.1405029296875,4.74334716796875,3.6710205078125,2.608154296875,1.5308837890625,4.20526123046875,8.9822998046875,0.3970947265625,-0.10784912109375,4.7298583984375,5.8095703125,5.8154296875,3.13751220703125,5.79522705078125,7.35302734375,3.06781005859375,8.98785400390625,10.11083984375,9.57635498046875,4.20172119140625,3.13018798828125,0.990234375,1.5308837890625
6.33306884765625,4.2022705078125,1.5216064453125,2.055908203125,-1.69927978515625,1.50830078125,3.11016845703125,3.63104248046875,5.25811767578125,0.97918701171875,1.520751953125,3.665771484375,2.05877685546875,-1.1544189453125,-0.611328125,4.75396728515625,-0.0687255859375,5.82623291015625,6.37078857421875,3.68695068359375,4.21759033203125,3.6812744140625,4.215087890625,-2.21673583984375,2.60455322265625,-0.61029052734375,-2.22186279296875,-1.6934814453125,-0.6319580078125,0.40435791015625,4.14373779296875,4.1444091796875,6.33892822265625,3.6767578125,6.89886474609375,4.755615234375,4.21649169921875,-0.61541748046875,-2.22607421875,0.46209716796875,1.53204345703125,2.600830078125,5.26800537109375,10.0634765625,1.484375,0.43402099609375,-0.08807373046875,3.66790771484375,5.2781982421875,2.06072998046875,6.33612060546875,7.36480712890625,1.47540283203125,1.50506591796875,3.11187744140625,3.12554931640625,8.49639892578125,5.26123046875,3.1181640625,0.4442138671875,-2.24530029296875
3.12969970703125,4.1981201171875,4.74102783203125,5.8126220703125,3.13067626953125,0.44366455078125,0.968017578125,2.5789794921875,0.44012451171875,1.516357421875,-0.08013916015625,-0.082275390625,-0.62249755859375,6.35614013671875,6.36053466796875,6.9013671875,4.22186279296875,1.538330078125,5.29180908203125,2.61138916015625,6.3604736328125,4.21282958984375,6.89288330078125,1.00042724609375,1.53533935546875,1.53338623046875,-0.07305908203125,-3.2935791015625,4.73052978515625,-1.16986083984375,2.02496337890625,-0.13232421875,3.62451171875,1.50885009765625,5.275634765625,6.888671875,5.81329345703125,4.211181640625,2.60870361328125,1.53863525390625,2.060546875,3.659423828125,3.63482666015625,0.4188232421875,-0.09197998046875,2.59527587890625,3.133544921875,2.05914306640625,5.78985595703125,2.03717041015625,7.357666015625,-2.814208984375,-1.709716796875,1.5201416015625,3.66534423828125,6.87945556640625,5.26666259765625,10.62335205078125,7.93121337890625,5.2344970703125,4.692626953125
0.974609375,4.73193359375,6.87945556640625,4.202392578125,3.6697998046875,4.73516845703125,3.6622314453125,-1.17120361328125,5.26751708984375,4.203857421875,0.9898681640625,6.89544677734375,2.069580078125,4.7470703125,6.890869140625,4.74566650390625,9.02734375,7.9654541015625,7.95654296875,4.21240234375,6.892333984375,4.213134765625,5.28460693359375,3.6787109375,3.6795654296875,2.605712890625,3.1458740234375,2.60528564453125,2.06085205078125,5.80426025390625,-1.16375732421875,-0.63330078125,0.42523193359375,1.47119140625,3.6265869140625,7.91387939453125,6.33587646484375,3.66473388671875,-1.150146484375,3.143310546875,11.71612548828125,10.05792236328125,-0.12518310546875,-1.7003173828125,2.05853271484375,7.9605712890625,10.09979248046875,5.7978515625,3.09942626953125,-0.673828125,-2.26287841796875,2.0362548828125,-0.0921630859375,1.520263671875,7.95574951171875,10.631103515625,10.0799560546875,6.8507080078125,11.08367919921875,5.20361328125,8.9461669921875
5.25506591796875,4.72711181640625,4.1861572265625,7.4154052734375,5.2701416015625,6.87060546875,3.6644287109375,5.80755615234375,2.59161376953125,1.52362060546875,5.8128662109375,6.89410400390625,5.27838134765625,7.42529296875,9.5616455078125,6.876220703125,9.0150146484375,10.630859375,9.02264404296875,5.8104248046875,7.4219970703125,7.41864013671875,6.349853515625,4.7496337890625,3.1380615234375,4.75128173828125,5.289306640625,5.81829833984375,4.20098876953125,5.81024169921875,2.05670166015625,3.6611328125,-0.08953857421875,2.04052734375,0.961669921875,6.83782958984375,1.4764404296875,12.7462158203125,5.79193115234375,1.498779296875,8.98345947265625,3.58538818359375,-4.40399169921875,-0.0953369140625,3.66156005859375,6.33551025390625,4.72637939453125,2.57598876953125,3.114501953125,-1.70843505859375,3.63787841796875,4.7276611328125,3.65960693359375,4.1983642578125,7.4163818359375,9.01922607421875,11.6890869140625,4.70440673828125,11.1165771484375,10.0316162109375,9.48614501953125
5.80169677734375,3.6622314453125,5.26959228515625,1.51373291015625,2.58294677734375,4.19586181640625,4.732666015625,6.8765869140625,5.25048828125,3.64794921875,1.5167236328125,4.7322998046875,7.9481201171875,6.3363037109375,11.15386962890625,8.46771240234375,6.31646728515625,7.39508056640625,4.1854248046875,4.19000244140625,9.55584716796875,4.73583984375,7.4188232421875,7.9603271484375,5.81597900390625,3.13720703125,7.42529296875,6.35308837890625,4.20379638671875,3.65838623046875,2.5904541015625,6.33837890625,8.48077392578125,8.48077392578125,7.40057373046875,8.460205078125,6.29364013671875,2.5382080078125,4.12384033203125,8.94439697265625,2.50689697265625,-4.9771728515625,-1.1912841796875,3.09820556640625,2.02886962890625,3.10076904296875,2.04754638671875,-0.08782958984375,2.58856201171875,3.13116455078125,2.0550537109375,4.720458984375,8.48504638671875,6.87274169921875,9.541259765625,8.47064208984375,8.97882080078125,8.9813232421875,8.9638671875,12.1827392578125,7.891845703125
5.269287109375,6.88525390625,6.34918212890625,6.88311767578125,3.661865234375,3.12371826171875,2.0478515625,1.50946044921875,0.43701171875,0.4371337890625,-1.7098388671875,3.6510009765625,3.6510009765625,-1.7098388671875,-0.6409912109375,2.568359375,5.22344970703125,-1.21209716796875,-3.33197021484375,2.03802490234375,5.2598876953125,1.50262451171875,4.72894287109375,5.26715087890625,4.732666015625,0.44390869140625,6.3388671875,5.81085205078125,8.478271484375,5.805419921875,2.58087158203125,5.79571533203125,2.0384521484375,4.178955078125,6.8572998046875,0.9637451171875,0.4132080078125,0.94696044921875,4.6734619140625,1.97119140625,7.9052734375,8.9737548828125,3.09942626953125,2.56512451171875,-2.7822265625,0.4395751953125,3.12860107421875,4.740234375,4.74365234375,6.88116455078125,4.73846435546875,5.2698974609375,3.63946533203125,4.18304443359375,13.82501220703125,13.81298828125,13.795166015625,6.273681640625,3.59368896484375,8.433349609375,12.157958984375
4.7230224609375,5.275634765625,7.961181640625,5.817138671875,7.42529296875,7.96014404296875,3.66510009765625,3.6580810546875,-1.70684814453125,-0.09429931640625,0.9774169921875,3.6556396484375,-1.7044677734375,-1.7044677734375,3.65228271484375,2.5771484375,-0.1142578125,1.48126220703125,7.3729248046875,2.02093505859375,-1.72235107421875,0.422119140625,2.57659912109375,2.57342529296875,2.58294677734375,-0.6337890625,0.977294921875,6.3424072265625,6.3424072265625,8.48382568359375,3.65643310546875,3.6519775390625,5.25506591796875,-1.18157958984375,7.39251708984375,3.08203125,-0.12371826171875,-0.124267578125,4.16192626953125,6.30718994140625,10.59912109375,5.22857666015625,0.9539794921875,-0.64166259765625,-0.63568115234375,2.58282470703125,-0.09197998046875,2.58758544921875,0.4501953125,7.9544677734375,9.013671875,7.3997802734375,9.5316162109375,12.200439453125,11.1114501953125,6.265869140625,6.26812744140625,0.9168701171875,7.901611328125,5.23052978515625,7.37921142578125
7.9437255859375,9.55694580078125,9.565673828125,7.9639892578125,5.28387451171875,3.13848876953125,6.3541259765625,9.57061767578125,7.41778564453125,2.05108642578125,2.59375,2.5897216796875,2.5889892578125,3.1201171875,-1.1671142578125,-2.776123046875,4.18621826171875,2.03155517578125,6.30718994140625,3.0867919921875,6.81988525390625,4.1644287109375,6.84503173828125,3.10150146484375,-2.794189453125,0.41656494140625,7.9364013671875,5.788818359375,5.25408935546875,7.398681640625,2.56866455078125,3.101806640625,5.7764892578125,-0.65716552734375,3.0924072265625,6.3072509765625,3.62451171875,3.0931396484375,3.10028076171875,2.56585693359375,5.24951171875,6.31707763671875,4.7122802734375,1.4910888671875,-3.320068359375,-1.18060302734375,-0.0989990234375,-0.09149169921875,6.348388671875,7.40899658203125,6.86822509765625,10.58740234375,10.58453369140625,5.203369140625,3.59222412109375,5.743408203125,7.3603515625,6.30230712890625,10.59576416015625,8.98577880859375,8.97882080078125
