,wavelength,big_blue_R_LL,big_blue_R_RR,big_blue_R_pp,big_blue_R_sp,big_green_R_LL,big_green_R_RR,big_green_R_pp,big_green_R_sp,big_red_R_LL,big_red_R_RR,big_red_R_pp,big_red_R_sp,med_blue_R_LL,med_blue_R_RR,med_blue_R_pp,med_blue_R_sp,med_green_R_LL,med_green_R_RR,med_green_R_pp,med_green_R_sp,med_red_R_LL,med_red_R_RR,med_red_R_pp,med_red_R_sp
0,3e-07,0.0029234776160198383,4.7783590112991885e-05,0.0008605677596533155,0.000617036023166605,0.0015605948883532321,2.225723120566261e-05,0.0004323435314196358,0.0003707520299207802,0.0011934605497614752,1.4906992756267778e-05,0.00032948466902630837,0.00029076093452614515,0.002324374605454045,0.00012678215871610794,0.001031886673379156,0.0003418583672913338,0.0003846919494257108,0.00019768062188334424,0.0002895952508515208,9.007740612106152e-05,7.04480854715424e-05,0.00017527734611825428,0.0001024400790594341,7.287658115098714e-05
1,3.0335570469798656e-07,0.00035213950283408536,0.00014059194594995308,0.00018675483645386724,5.5870642739454865e-05,3.3346585611298556e-06,0.00018133524470577897,7.628599692106944e-05,4.448836966179717e-05,1.0045695984925375e-05,0.00019416350389247393,8.506068320058172e-05,5.60694508081588e-05,0.0029324110181930237,0.0001651084850961038,0.0013098321081366096,0.0004270805039432022,0.001400615257189948,0.00010971754016632953,0.0005771119785893974,0.0002968751828087221,0.000789731624817853,5.086102060020698e-05,0.0002696458851249845,0.00022318662862101337
2,3.0671140939597313e-07,0.0024005498521387524,3.6446443695642863e-06,0.0006613028328685054,0.0005656527545593892,0.0016013847771495005,1.5346378465247134e-06,0.0004600264637813399,0.00039245643219815277,0.001353731035890763,5.337924408331722e-06,0.0004160450329627772,0.00032192271570067596,0.0014831850229376383,8.749251541697257e-05,0.0006690433270150862,0.00021286061559132235,0.0016410215053749176,8.214437728994422e-06,0.0004971129968736142,0.00038784541099548016,0.0013500818457363186,2.9202122150192594e-06,0.0003820460937674684,0.00032670191097340586
3,3.100671140939597e-07,0.0013652338923967901,0.00015701437955149874,0.0004934926665026368,0.0002372311682619908,0.00025367048822437705,0.000169328162782044,0.0001212891375657288,8.856188370310927e-05,9.26700142276472e-05,0.00017287201001684762,6.585259961189596e-05,7.33510489182725e-05,5.7915007779816115e-05,5.952621120502382e-06,3.0152211747751906e-05,6.699216568287129e-06,0.000795384970894149,3.169183474743345e-05,0.00017041625862921093,0.00023966520374763074,0.0009883727514564337,9.342182762856378e-05,0.00028631626498128523,0.00024337836308261686
4,3.134228187919463e-07,0.0017174178748894022,2.4272209747749753e-06,0.0004544872485692796,0.00044617714931699347,0.0013613087849744575,2.2430953053205213e-05,0.0004151589295971711,0.0003482817213618545,0.0012332534678719937,3.329871861664912e-05,0.0004168737877349335,0.00029775684471056396,0.0007245532020682942,2.6614167893187823e-05,0.0002947369331341344,0.0001184817713727493,3.0056684601586437e-05,0.0001411800256782097,4.022765798370206e-05,5.774127459716603e-05,0.00021363067070527737,0.00019630600288768433,0.00011440990575870234,9.004730007820306e-05
5,3.1677852348993285e-07,0.0022210788696518887,0.0001490847104188511,0.0007297224787792579,0.0004137816372472877,0.000570119387438261,0.0001433545453990265,0.00018904318122273827,0.00015423634105386747,0.0002811622843358792,0.00014226637997505353,9.336024203527161e-05,0.00011177555415759422,0.0027837036231572474,0.00011576754810473405,0.0011592211421644488,0.0004415240324348259,0.0003752715564623952,0.00019247789158530692,0.00028069161436160023,8.861311610103893e-05,5.6721637546639574e-05,0.00018050024792307196,9.452929491874144e-05,7.302644879545307e-05
6,3.2013422818791943e-07,0.0014065030065075065,9.683131058563655e-06,0.00036488941479315677,0.0003885745381678862,0.0012183684322206966,3.996585431832261e-05,0.00038649874455400454,0.00032090430640889744,0.0011420494118551843,5.2793541500805046e-05,0.0004068072323589736,0.00027973770416206574,0.0037639156034638744,0.00015960271956428875,0.0015717424605194924,0.0005940006974293007,0.001435819375005812,0.00012598311225231563,0.0006010589913479056,0.00030430703469528985,0.0007398169235538419,7.104994292270555e-05,0.00025810308860257073,0.0002227369616823906
7,3.23489932885906e-07,0.002670889086103589,0.00014350486764367243,0.0008489693345536513,0.0005119037996645614,0.0007152711492608511,0.0001317874559590768,0.00022052689401290862,0.00018666880196938516,0.0003638165856606933,0.00012948453383428997,0.00010844633984822211,0.00012876978328502615,0.0025178165815437923,0.0001088216624867551,0.0010544039464481885,0.0003953672198658671,0.001965981279243657,2.5831248397041418e-05,0.0006284869995635213,0.0004522533022109518,0.0014635903748994377,7.447653903933658e-07,0.0004140040193277291,0.00036676399897080857
8,3.2684563758389263e-07,0.001586729036444604,9.095794899263213e-06,0.00040884878972064317,0.00043526882644975937,0.0013035804508442252,3.959198491207319e-05,0.00040850854335017597,0.00034229783954036695,0.0012016903007740862,5.12843333137091e-05,0.0004237118468549553,0.0002929780677089993,0.0005234499140057472,2.6009648556720886e-05,0.00022562107323190366,7.912009809678712e-05,0.001377339100368827,5.9706390159854905e-06,0.00034128503300314984,0.0003648881189522341,0.001411629449625075,4.639404765676413e-05,0.0003862496315686874,0.00034354400972307726
9,3.302013422818792e-07,0.0026310796377294584,0.0001469268426363349,0.0008372014382474714,0.0005032740029491191,0.0006237618525710117,0.00013944432891111952,0.00019816787295337407,0.00016870299550572846,0.00028579783809385654,0.00013781592006642776,9.280679529341151e-05,0.00011221604466952157,0.00014992419501012159,2.510511611869154e-06,5.3152418176147175e-05,2.8424953184859968e-05,0.00035160131705468616,8.187905514193845e-05,6.469906148664764e-05,0.0001439866152931245,0.0006625574667604332,0.00015169032414422742,0.00020904322391540888,0.00018289414816517364
10,3.335570469798658e-07,0.002387036942041894,1.902664075822913e-06,0.0006199025462631783,0.0006170955934050496,0.0016415666202243785,2.2703730504122527e-05,0.0004872208787675844,0.000419378472768328,0.0014159532763468327,3.1261394849334324e-05,0.0004685542059788681,0.00033958654818785054,0.002017993039616978,5.834681735033836e-05,0.0007791473792596012,0.00034781730619664854,2.6911914316295124e-05,0.0001670820636524965,0.00010120787897342057,3.5731516686860324e-05,4.29623600245117e-05,0.00020280844615968804,7.68356684881831e-05,6.246322803783471e-05
11,3.3691275167785235e-07,0.001949952611522149,0.00015100452418824093,0.0006475068644418237,0.0003599640801897891,0.00031631584293962534,0.00015918351768055332,0.00012909245819307235,0.00010439532642834924,9.667712748355013e-05,0.00015979553367832607,6.33097773720835e-05,7.0765103802512e-05,0.004368116098073406,0.00013118880270531424,0.0016956209078763653,0.0007469838533574839,0.0007798559714477566,0.0001742196231581235,0.00042127300278124773,0.00016334340620718324,0.00021881334125114108,0.00015088248262144842,0.0001326130065918076,0.00011411390638113061
12,3.402684563758389e-07,0.003925915333888206,2.9786634917660746e-06,0.0010421405969480333,0.000947421770269294,0.0021354736516349467,2.7606990754219217e-06,0.0005956991331981102,0.0005298376054463481,0.0016657615643007925,6.306959727618806e-06,0.0005042056311167271,0.00039640233010419996,0.0049377900899008785,0.0001482469006615735,0.0019140730156829058,0.0008444377155665196,0.00189026164466639,0.00010059795290136694,0.000715456920942501,0.0004078946400553299,0.001036271296029304,5.1684011801546186e-05,0.00032654611137239274,0.0002936317471928093
13,3.436241610738255e-07,0.0007099618659789466,0.00013531073314417756,0.00028486045488244964,0.00011920857858075076,1.5028607782726814e-05,0.00016930022860831963,7.10757140683225e-05,4.4694249363551966e-05,7.733275416443179e-06,0.000173857676228088,7.982903030958847e-05,4.748574838962493e-05,0.0031889051285674784,9.643821849484383e-05,0.0012362498071672716,0.0005445124069795608,0.002313954103633414,1.9677049968636316e-05,0.0007115470669046634,0.0005388062130132939,0.0017281461356867082,1.8087632059512422e-07,0.00047693620481146706,0.0004341975402826903
14,3.4697986577181207e-07,0.005726067644759834,3.496252297844127e-05,0.0015650921173808534,0.0013001468574395797,0.0023962750627020525,9.42041691284541e-06,0.000637931800412106,0.0005845760272573442,0.0016428102982736974,6.437546631280969e-06,0.00045221373176912167,0.00039842836962723994,0.0007849505255269445,2.6560678952854462e-05,0.000310367265073634,0.00013080295843236007,0.0016789313927810612,4.300602704333649e-06,0.0004215121815449664,0.0004374216196811357,0.0016727787930709724,3.9443901797371636e-05,0.0004485662704724926,0.0004098222256639222
15,3.5033557046979864e-07,1.867093220495178e-05,8.181833688901536e-05,3.514200180395126e-05,4.083200336310091e-05,0.0002771517089469179,0.00013578536506258859,0.00015637114788990926,0.0001158602982118129,0.00039083093641381855,0.00014491294396000716,0.00022466960323030266,0.00012328258408342803,7.053762432013856e-05,3.4679151225356194e-07,2.165867486500171e-05,1.5252533074805998e-05,0.0005781610172068732,6.272549560101721e-05,0.00011024850427183256,0.00019891931864719555,0.0009389968220522737,0.00012933786777808622,0.00027017199832763615,0.0002458215478866575
16,3.536912751677852e-07,0.006039126783097851,0.00010069462724517374,0.0017147531638137931,0.0012915942860860482,0.001806303140300499,7.062503556183792e-05,0.0004751329737103123,0.0004449618095877583,0.001020891609893353,6.231727123148582e-05,0.0002595217401702152,0.0002711310971862285,0.001969444437013342,3.657773659340295e-05,0.0007015184100258684,0.0003675552744784569,1.8993261565930565e-06,0.0001399657457490421,5.364906458654886e-05,3.8818008689779914e-05,0.00018004757259702957,0.0001908195438438796,9.967308427086013e-05,8.792258048308601e-05
17,3.570469798657718e-07,0.002060992718934751,1.4265118405522691e-05,0.000515305129032056,0.0005746950087445044,0.0015448185095652718,5.2631540890490733e-05,0.0004723311498836179,0.0004137079538723384,0.0013446653203553502,6.24505918046799e-05,0.0004753243618081668,0.00032732023608653956,0.005173446717368745,0.00010115610008802582,0.0018541470036686652,0.0009576249538151847,0.00048008836904731814,0.00017107967720296832,0.00030923786171599605,0.00010362495360381859,5.0995645479740156e-05,0.00017527705872095862,8.490828531937787e-05,7.353628357388555e-05
18,3.6040268456375836e-07,0.003148158754223054,0.0001440584386177436,0.0009687948326016852,0.0006136627790583264,0.00045389046560018084,0.00015289269524830818,0.00015399579423095035,0.00013910149883031002,0.00013722606628005081,0.00014660850381834664,6.614280932649619e-05,7.78218078628051e-05,0.007264094211059757,0.0001408995374405894,0.0025962118618610788,0.0013463350701842026,0.0016703615415872078,0.00013390104565502863,0.0006823931953879333,0.00035262040822618945,0.0006773250530032832,9.899831200283546e-05,0.00024378525909563058,0.00022071083989414354
19,3.6375838926174494e-07,0.006839333041942361,1.251219302868943e-05,0.0018063225182129302,0.0016215891873960263,0.002862160787386509,1.0824895761211254e-07,0.0007649593671127799,0.0007106112867032743,0.001973902482233594,1.0295792833688174e-06,0.0005662429726091737,0.0004731658529468363,0.0066501679824204595,0.00012667921477423468,0.002366855724556021,0.0012361061264133273,0.00267788225811504,6.0521447840204725e-05,0.0008938224245058113,0.0005995753883313132,0.0015909268413180824,2.270834888552132e-05,0.00045793282215997875,0.00042079826481327456
20,3.6711409395973156e-07,1.840728648880991e-05,9.065063659722709e-05,5.0441050720082946e-05,1.8245428389402055e-05,0.0001838365674458516,0.00014486751925276193,0.00012712278799500298,9.560116197009837e-05,0.0002996181873337334,0.0001497643529647906,0.00019557228272059016,0.00010258152607099993,0.0037647460177887893,7.190031023419181e-05,0.0013386006055561754,0.0006994864507285444,0.0027676606486097825,6.662701687654715e-06,0.0007938504621728923,0.0006628383791205908,0.0021246739169258747,1.4480831497379308e-06,0.0005712509628545066,0.0005282874929528906
21,3.7046979865771814e-07,0.008219764686413885,0.00010094944562381664,0.002281881877985019,0.0017910975864681778,0.002069369410623884,7.392814367130986e-05,0.0005360697694802344,0.000513418681817097,0.0010942623123575935,6.278917973954734e-05,0.0002747420867508386,0.00029097682743844055,0.0007894817688781665,1.7576281523032424e-05,0.00028715422825922,0.00014297619251675065,0.001890999799034165,8.835343952856139e-06,0.0004606183723545156,0.0004988574748141056,0.0019101019033157154,4.619243438509832e-05,0.0005055211781456569,0.0004688630206275509
22,3.738255033557047e-07,0.004099248903770432,4.088485724792251e-06,0.0010316028795937216,0.0010692414163939435,0.002289694094130607,3.1340774569705455e-05,0.0006523561607142884,0.0005955116312140659,0.0017703808417884668,4.039096553108672e-05,0.0005783090327378702,0.0004246609708891918,0.00015371100370018887,5.485538190255066e-07,4.5480316624105655e-05,3.398300669563008e-05,0.0006863481482074328,6.146491006219323e-05,0.00013266262138871904,0.00022759642931370193,0.0011141859281913263,0.00012177790510342817,0.00030988271160761033,0.0002871228846663576
23,3.771812080536913e-07,0.002118532469071937,0.00013056874238000056,0.0006764855884158962,0.0003956660361929741,8.434155593443382e-05,0.00016377268322234948,7.399849042435448e-05,6.096078376377245e-05,7.044022219576854e-07,0.000158573856348749,6.375238223890812e-05,4.2393945550638085e-05,0.00280621032406445,2.9380382153335605e-05,0.000916184208060066,0.0005656469536507221,1.5312009862427913e-05,0.00012586105897316525,4.1544343002709684e-05,4.407724076619189e-05,0.0002936421384152546,0.000175968250242787,0.00012065280643319588,0.00010979447295587234
24,3.8053691275167786e-07,0.011320759363010878,5.233844884278153e-05,0.0030201469372359985,0.0025956845003089067,0.003215582302785616,2.3294933427198787e-05,0.0008295932339529793,0.0007936661303745745,0.0018834696968258566,1.5921428740259114e-05,0.0004963429922204398,0.0004655792752112959,0.007498248465405638,8.232103607016992e-05,0.0024574662165205902,0.0015032180676621475,0.0003795889359887624,0.00015938312227559593,0.0002609632632845122,8.456474153486834e-05,7.630367514257531e-06,0.00017509200239081233,6.746247462214502e-05,5.8295677235334276e-05
25,3.8389261744966443e-07,0.0019381053195749833,2.6192013204016784e-05,0.00047160195207657696,0.0005665111133648913,0.0015658227597550385,7.284168730674104e-05,0.0004806517034367935,0.0004323345534564204,0.0013244742455636202,8.326608879101207e-05,0.0004840170774330358,0.00032561096794938167,0.011583910027935311,0.00012465211599893807,0.003780682845979034,0.0023276952456547212,0.001608389558790181,0.0001426380956651199,0.0006667396972987046,0.0003391989769028257,0.0004604223415245441,0.00012263991477340757,0.00019044040267153067,0.00017149200037768088
26,3.87248322147651e-07,0.005581314610721745,0.0001343656038868233,0.0016089745943275438,0.0011467426781119638,0.0005221599281850889,0.00015043593169821175,0.00016494431822308535,0.00015757766069388916,0.00013654950829295766,0.00013940209756200728,6.424490239395579e-05,7.592620141720379e-05,0.01267088875709789,0.0001312764257329563,0.00411002900185258,0.0025571134871209575,0.0029946817546675467,8.838788113476917e-05,0.0010233420950077415,0.0006637350896611414,0.0013953108325722744,5.2595219007301423e-05,0.0004199769236042123,0.00038591862401104885
27,3.906040268456376e-07,0.013845393191116431,3.077445067172733e-05,0.003617545248371702,0.0032553894750259192,0.003835694281265037,7.888226549755343e-06,0.0009938261010581729,0.0009512917974315592,0.0022855515441702625,3.854462394292161e-06,0.0006198724059190084,0.000556707668826365,0.010028972817381847,0.00010021654481747043,0.0032342827328919305,0.0020321292286567864,0.0037469311657990882,3.0171194365742877e-05,0.0011296744259856758,0.0008726577771960146,0.00227697437080703,5.9515903372000394e-06,0.0006250275298414021,0.0005794279112099395
28,3.9395973154362415e-07,0.0012452127679123833,3.7568603681456634e-05,0.00029968279646407217,0.0003942283594304614,0.0013319596250728734,8.853538994835035e-05,0.00042259508770517326,0.00037993725903403153,0.0011593741151805362,9.890913058703442e-05,0.0004445622986766011,0.0002894230946854636,0.0050877347223523585,5.092489801569618e-05,0.0016385603372162721,0.001030739363900774,0.0034496327477204496,7.679715544459084e-07,0.0009308648472901921,0.0008488600247241793,0.0026175637990318106,6.7858957462021725e-06,0.00069236217430756,0.0006449411903284118
29,3.973154362416107e-07,0.008565631322482717,0.00013034034319790816,0.0023878760975270955,0.0018209758877373633,0.0007506144398764645,0.00014314205404639048,0.00021602476156512278,0.00021003178706758763,0.00022160341114805108,0.00013027784041699824,7.664946474414976e-05,9.576414874135975e-05,0.0008560837629885643,1.1039801973286649e-05,0.0002839952008235016,0.0001682961213882805,0.002278147783865753,1.4256826167425325e-05,0.0005403166705124755,0.0006070841441047087,0.0022433288806439538,5.118573326781178e-05,0.0005878758429398354,0.0005489267839013754
30,4.006711409395973e-07,0.018222210796963956,2.9965110226753952e-05,0.004713782157307319,0.004314903666805089,0.004315273129423236,7.924916091615077e-06,0.0011139480940182563,0.0010710165989011103,0.002484293476823453,3.5400490200785178e-06,0.0006708000144509919,0.0006059575215436979,0.0004375806263941634,7.279320146300123e-07,0.00012173560958061224,0.00010067971411589199,0.0008863899785835603,6.07175877714336e-05,0.0001732486743929282,0.00028279116633193066,0.001368778611154103,0.00011271046974674829,0.00037035692421504983,0.0003454091484848141
31,4.0402684563758387e-07,0.002069078359737243,3.049366353321855e-05,0.0004947115070500712,0.00061119718561163,0.001731536164135461,7.804664804693291e-05,0.0005233349137508768,0.0004791520680501404,0.0013986615602324902,8.986892474484546e-05,0.0005092996710743498,0.00034410974854320875,0.005281956205658874,2.31939843072322e-05,0.001561533673701248,0.001151873862573958,5.33395624169592e-05,0.0001141696072225297,3.338063938339594e-05,5.822015042256804e-05,0.0004654438379904032,0.00015864842866081743,0.0001567944770991417,0.00014377521364715965
32,4.0738255033557044e-07,0.009846106156467235,0.00012617905238175453,0.002713377807894955,0.0021098228025650165,0.0005056773485865614,0.00014830999098124276,0.000159168404823652,0.0001535917065485776,0.00010603157680273644,0.00013717619078337234,5.9283833301657035e-05,6.729329333642548e-05,0.01420568659167063,6.50944558480763e-05,0.0042055730653155115,0.003088679408510866,0.00027980702349393404,0.00014743863992690672,0.00021070282422635327,6.694134274966011e-05,1.176678264306928e-05,0.00016699062068462438,6.089262369387207e-05,5.115178114875479e-05
33,4.10738255033557e-07,0.026513141630702775,4.6728107828126904e-05,0.006833648310457224,0.006253732658011514,0.004613166065349522,2.148750034645353e-05,0.001178521639632309,0.0011410591291369967,0.0024492236742576405,1.2540475421514414e-05,0.000639953838370363,0.0006055157336074487,0.023847456710752356,0.00010494247377861948,0.007022314459868214,0.0052001710926250335,0.0015417933794232331,0.0001454521214634744,0.0006399733353345227,0.00032685249316534795,0.0002567385851481685,0.00013571810778297238,0.0001369094301570662,0.00011973249084918221
34,4.140939597315436e-07,0.006789657672997445,1.1357467064655774e-05,0.0016519914075776912,0.001796782952507472,0.0029975494740244256,4.5763869955887536e-05,0.0008388054451349842,0.0007870575050290047,0.002101123284849258,5.895501393507378e-05,0.0006865046862277553,0.0005067692962503241,0.030205997659319986,0.00012412473618149256,0.008828979502601178,0.006618048943156045,0.0033159341891152035,0.00011090740403535276,0.0011370307420591967,0.0007339250195077041,0.001111046710187659,8.135577322929587e-05,0.0003560325553703245,0.00032409739180610907
35,4.1744966442953016e-07,0.007444734386312324,0.00011116651782348995,0.0020711921597686444,0.0015652521040302376,3.784000398428064e-05,0.00015097115647632,5.952274000924466e-05,4.986922288000889e-05,8.503769418050036e-06,0.00014702528342682436,7.401070597715397e-05,3.8184987840192654e-05,0.03033244409144955,0.00011500649139716672,0.008794932540047469,0.006681437141173589,0.004841313895600738,6.100632393080001e-05,0.001488545942631138,0.0011146388748025182,0.0022061001969487177,2.9310401002024133e-05,0.0006239349484325022,0.0005766129916933971
36,4.2080536912751674e-07,0.03909104871906912,8.089310726859991e-05,0.010066712136470566,0.009148917821874873,0.004066484411982167,5.9651209890969136e-05,0.0010280115402050891,0.0010029992017675062,0.0018732856825549654,4.427443340385317e-05,0.00046409793219895915,0.0004811596266822052,0.023583193276352592,8.301165692240082e-05,0.006788376188965516,0.0052195856953738875,0.0054687308377242725,1.8225795509259437e-05,0.001547205730754018,0.001306342995550473,0.0030748721573960716,1.6915225649854004e-06,0.0008266817761292513,0.0007698104808774209
37,4.241610738255033e-07,0.023741914236117153,1.4617156265437474e-07,0.005887962432625246,0.0059113353876614465,0.00514110124273142,8.072560341862952e-06,0.001359589351381701,0.001301391429449971,0.0030759754926468234,1.6846477650377453e-05,0.000901041755232677,0.0007401296897310271,0.012361595797157445,4.280471307989158e-05,0.0035478540614156066,0.0027389267909509016,0.004935137466223118,1.1636411342966094e-07,0.0012906715365955251,0.0012274071839510946,0.0033587559465230177,8.295362150635355e-06,0.0008808075401102598,0.000823771090784893
38,4.275167785234899e-07,0.0011277929674680745,6.975250580674885e-05,0.00037219164312882755,0.0001958017722660071,0.000551472221578172,0.00012147809583685239,0.00021697183656554966,0.00019106315594462765,0.0006013047071745701,0.00012996360442286885,0.00028692684295100285,0.0001648280894132965,0.002271516500871272,1.1166777465170042e-05,0.0006690456841681112,0.0004914655457778427,0.0034639266115126205,1.257636094911979e-05,0.000826499096346593,0.0009102126830593533,0.00295045354687756,4.399721435834203e-05,0.0007661782018061724,0.0007180186267503115
39,4.3087248322147646e-07,0.05044294073740439,0.00011409311806560956,0.012987173229641732,0.011714970624004816,0.0019953617017926147,0.00011762623597519265,0.0005115314716993684,0.0005014312023564748,0.0006646843046185394,0.00010244509618908186,0.0001634317927026624,0.00020177237938273957,0.0011635450466650063,1.6639497147304354e-08,0.00028878073673035504,0.0002887063368307598,0.0016717430913169098,4.877779357100803e-05,0.0003478446655225228,0.00048781191100865317,0.002025166838948987,9.253856221495417e-05,0.0005312297836246435,0.0004972022828534091
40,4.342281879194631e-07,0.06939433439745858,2.744339714642349e-05,0.017358542325196815,0.016817429812660305,0.0066979488914934516,8.073729559044692e-06,0.0017111989889828196,0.0016607527296326745,0.00336664849248637,2.876190455851071e-06,0.0008944667701830764,0.0008251839998599947,0.016504894978666966,1.231536123380226e-05,0.004346551981605369,0.0039062174017468728,0.00032731410300401796,9.324669141154589e-05,5.907734907990728e-05,0.00014165126439769231,0.0009612048630025443,0.0001341400199482615,0.0002717501383813234,0.00025130850954298696
41,4.3758389261744966e-07,0.008596038179953342,1.4253170637372264e-05,0.0020431754408742355,0.0022888696578210813,0.003767676516807102,4.891243941428725e-05,0.0010368786593657941,0.0009845290153710508,0.002436807710214248,6.43841568350139e-05,0.0007824745937730445,0.0005889279954962584,0.05175206284311919,4.195589431579898e-05,0.013634246298118515,0.012221930030786218,5.412862196159085e-05,0.00012868347912482403,9.83123200112099e-05,3.083527350272047e-05,0.0001890102635477736,0.00015337652374701913,9.303798344978994e-05,7.99709745651672e-05
42,4.4093959731543623e-07,0.04620654143575823,0.00010063837016883286,0.011888761657156098,0.01066731387315977,1.190384349569251e-05,0.0001406867374336136,5.385917275960691e-05,4.206268986876069e-05,3.658646702827531e-05,0.00014085710580471493,8.872845505092727e-05,4.1083971229894475e-05,0.10418487245870782,7.702346703142949e-05,0.027283693938905406,0.02467294014732721,0.001090403818800554,0.00014252339935728157,0.00048538569278504663,0.00023042484457668955,2.8583880651084422e-05,0.0001443347880488838,7.018707518742303e-05,5.50184429207521e-05
43,4.442953020134228e-07,0.16877915980853486,9.024674517288157e-05,0.042260884226160575,0.04052601402511785,0.004664212378385669,7.695297429007683e-05,0.001170518864882134,0.0011456705367070923,0.0017962030719212315,6.0642727071221446e-05,0.0004330216838489223,0.00047131301216466224,0.16619481413479492,0.00010468970352573097,0.043174346035578785,0.039527542105698615,0.0031993924304818118,0.00013089700196081732,0.0011149863267641363,0.0007028410723300292,0.0005756705528061137,0.00011163688135007892,0.00022130855939758194,0.00019502502623948862
44,4.476510067114094e-07,0.11669094912181836,8.161415818862111e-06,0.02866541863672912,0.02873936903043561,0.008173799582513843,1.3478852563970428e-08,0.002101226675916391,0.002040074841774225,0.004084955467545604,2.2151867190142596e-06,0.0011201849484122942,0.0009933172437564418,0.22892318783941898,0.00011575080872592852,0.05892439177071641,0.05473147255889886,0.0057586935409270484,9.901817745039713e-05,0.0017958747533268048,0.0013120000875198553,0.0016753529950770999,6.765059881285715e-05,0.0005029172418182906,0.0004603415928325966
45,4.5100671140939595e-07,0.02851334300674748,3.0024492275351067e-05,0.00722920852154499,0.00669009752692213,0.003039161949715315,7.153854869954082e-05,0.0008564772582612724,0.0008119316611392613,0.002031677319142245,8.801828082836673e-05,0.0006852269663811246,0.0004955600328452983,0.28534523652587473,0.00010731834874281859,0.07269749527156137,0.06863769794418315,0.007981042620465723,5.8443842776135266e-05,0.0023178699998736164,0.0018715881712053112,0.0029854907886358644,2.7461630535196006e-05,0.0008273980083238145,0.0007687914910390848
46,4.543624161073825e-07,0.5491205205077382,0.00010617320785529586,0.13586257802284188,0.13349232120086832,0.00028484119035137906,0.00013664664121679706,0.00010765819573897339,9.700735269993199e-05,5.80460335459553e-06,0.00013422158770137337,5.432336166496624e-05,3.7119210759679824e-05,0.3313107641825223,8.306790699687998e-05,0.08345889817455948,0.08025406555667959,0.009175125298256925,2.2614691117207304e-05,0.002519999233436401,0.00220717153684034,0.004098649948301204,3.639030931414059e-06,0.0010940603695852144,0.0010246094292203868
47,4.5771812080536915e-07,0.8302555262465038,7.950204436103682e-05,0.20395694964121894,0.20352627314027552,0.0066738961633761905,6.297303412752183e-05,0.0016700087297722272,0.0016360314493047143,0.0024610840158975455,4.761951549602875e-05,0.0005986206245609241,0.0006324127904707566,0.36506059114717077,5.135525071712925e-05,0.09083538501363864,0.08912721967075111,0.008959710857366524,2.3866534128847424e-06,0.0023383961114982737,0.0022110983690274665,0.004675125578112845,2.5180722609041063e-06,0.0012217623364570254,0.001149591627065795
48,4.610738255033557e-07,0.9103754385197472,6.10535572220627e-06,0.22028946538594993,0.2264665598774854,0.010141125062071477,1.0949960855526934e-07,0.002595464406986967,0.002531916483420468,0.00471661952166135,3.4963256930809274e-06,0.0012886821284654104,0.0011485753081264187,0.38628096776978027,2.212862762327167e-05,0.09485914720970778,0.09511809116569214,0.00737838611566458,2.9560383607612056e-06,0.0018240241409694126,0.001875788897037891,0.00454448059240848,2.2927356496952458e-05,0.0011728764491634512,0.0011065270211383928
49,4.644295302013423e-07,0.9337371374422341,2.7082656086687612e-05,0.22285597636343232,0.23519725355922802,0.003882447020758497,6.744252498055902e-05,0.0010691325528113726,0.001024885775194759,0.002393604115494455,8.492204589245441e-05,0.0007824230193971163,0.0005827439628401283,0.3953223604672128,3.7694719964595642e-06,0.09575475744081531,0.09822148297739151,0.004896953176450892,2.2900710945215263e-05,0.0011298541900016934,0.0012988970433406271,0.0037503660309721287,5.736235878938552e-05,0.0009629556287778573,0.0009090235445783961
50,4.6778523489932887e-07,0.9341130427885411,9.685367973358736e-05,0.22253602630940716,0.23541424392911975,0.0001942188065513219,0.0001316702513677007,8.786024469963065e-05,7.434098191573009e-05,1.460556535251522e-06,0.00013269835939849528,6.293848617340553e-05,3.326829266751182e-05,0.3927438078931113,8.125916924222964e-07,0.09380845499768428,0.09846861504726709,0.0022893263765074974,5.529534977962929e-05,0.00047229271101047497,0.0006600285252552281,0.0025327166391487348,9.486972894820908e-05,0.0006551134667054578,0.0006164668777167092
51,4.7114093959731545e-07,0.9132325188624406,8.36197314933574e-05,0.218730299600765,0.22850617346273716,0.0074774833854865585,7.370252044795289e-05,0.001862328673763834,0.001827899796996572,0.002353308403472687,5.9027535014745664e-05,0.0005628998681736502,0.0006119118096212004,0.37913845356021286,1.3070088192158127e-05,0.08930835483873378,0.09589996860488813,0.00043642665788060856,9.02580173410788e-05,7.506324332109893e-05,0.00017404692001059957,0.0012571104239943647,0.00012453724336170473,0.00034172722294552045,0.0003166532335323567
52,4.74496644295302e-07,0.8476964384756561,1.3912866321484149e-05,0.2029476544930206,0.21152293448634563,0.013515664519390798,1.7728733416537845e-06,0.0034184717340983418,0.0033580023385542316,0.005453135648308158,5.046561749346274e-07,0.001445336253816748,0.0013371826554936512,0.3551611691022338,3.618939418062794e-05,0.08253656704734937,0.09058667313542046,8.395684307633086e-05,0.00011798958044293242,0.00010803159274271419,3.187223985931538e-05,0.00031234885633267025,0.00013851020256528464,0.00011869571253734063,0.00010129274585513119
53,4.778523489932886e-07,0.647685684541543,1.1953838818870961e-05,0.15336668749077578,0.1625223408044673,0.007598395045223171,4.1715216711907584e-05,0.0019972764165308607,0.001948979108487693,0.003839582398092373,5.9034343758625e-05,0.0011531012051476087,0.0009309112692850674,0.3216969596857257,6.327094337095459e-05,0.07379862785754612,0.08268345428031591,0.0016246946614946202,0.00013139620024673238,0.0006374530314440213,0.00034492005219170384,4.1676241278468225e-06,0.0001337803185042678,5.919400734745324e-05,4.1048708777494396e-05
54,4.812080536912752e-07,0.18232226408493243,7.767799893857411e-05,0.04232228428372065,0.04607632243929289,0.00012391850585900195,0.00011920138374397805,9.293747559027235e-05,7.41836691332454e-05,0.0003444068251653719,0.00012878450890759326,0.0001985199362889704,0.00010558871846912853,0.2801167363007103,8.694924477447858e-05,0.06347704080838958,0.0724990611103995,0.0049730509023007295,0.00012765919810283548,0.00160345002902303,0.0011102544115761813,0.00047377773605788537,0.00011245961455669828,0.0001940906255919134,0.00016677261724965328
55,4.845637583892617e-07,0.016846973019329418,9.730638688830787e-05,0.004204787318116367,0.004277053356854508,0.00573716375745944,0.00010173827674757145,0.0014245834640317647,0.0013948152383914507,0.0012526509410592727,9.129713014543831e-05,0.0002914132702643324,0.00034895695033403026,0.23254255541463206,0.00010132326539189873,0.05208958746497631,0.06056486310612983,0.009572383425675696,0.00010850648089722457,0.0028323911724068562,0.002207390601238971,0.0016627246228285715,8.070132942519036e-05,0.0005042955492013644,0.00046179591289736646
56,4.879194630872483e-07,0.13913400388073782,3.961663571595331e-05,0.033054928178586615,0.03501265187967055,0.017114204314657266,2.1105776662309852e-05,0.004272071626003714,0.00422060130103842,0.00548298801361228,1.1570092907027194e-05,0.0013868529215377672,0.0013638085792484456,0.1819933665916798,0.00010326835346335735,0.04032166343686392,0.047669804057163805,0.014527821690391036,7.931530981994762e-05,0.004079191198919496,0.003426417350722835,0.0033313308067292615,4.6747616016912913e-05,0.0009265669822977428,0.0008668261070746204
57,4.912751677852349e-07,0.13235403868635903,3.3559520918515715e-08,0.031199057844521958,0.033117771519965325,0.016365071215609574,8.286158934556405e-06,0.00415473486269458,0.004111201817604113,0.006339737998590152,1.8666793068029515e-05,0.001749204043397726,0.0015452007591197285,0.13224732108613077,9.289908780230679e-05,0.02899548110171612,0.034820651647917644,0.018815700595819815,4.744358355050006e-05,0.005084680738854653,0.004516819813773573,0.005121860317958748,1.87176164456465e-05,0.0013701688641284545,0.0012952971745308036
58,4.946308724832215e-07,0.041816849534963355,3.920879452608734e-05,0.009786227204838602,0.010343392902573948,0.004272785220825008,7.955697561697446e-05,0.0011588422282820673,0.001136280386020964,0.0024454736476092736,9.75460816714653e-05,0.0007981773303187544,0.0005996501665838285,0.08731364936787366,7.320125073079045e-05,0.018954143099764353,0.02310015930386516,0.02150738113705722,2.0303688655551616e-05,0.005631490729588671,0.0052424275253578345,0.006646057084256076,2.7061284551180847e-06,0.0017390030405588024,0.0016543784375196446
59,4.97986577181208e-07,0.0002567444312365399,9.32412812818369e-05,0.00011342827329364057,0.00010746338019469578,0.0010975458950469887,0.00012144250429678171,0.0002986389857615682,0.0002739123390553909,1.4408247721982999e-05,0.00012389089197377905,5.029421779309426e-05,3.702360010676099e-05,0.0506006407164714,4.9047233252657714e-05,0.010883306920427323,0.013444813436664187,0.021960539318337344,3.6648712314590256e-06,0.0055875124857402685,0.005430711646573329,0.00757361153914549,1.5914008476307436e-06,0.001953328640026582,0.001866098078152769
60,5.013422818791946e-07,0.03273428112273503,8.00465373465659e-05,0.007702035299033194,0.00846652216305045,0.015529790856744538,7.179717845259006e-05,0.003837679981877313,0.003789969094653969,0.0032868564131000064,5.964783248933314e-05,0.0007806560183906462,0.000847590033347064,0.024105110043588982,2.591486924496049e-05,0.005144682276917918,0.006425951942095597,0.01995715870898596,5.352343133981942e-07,0.004933591449572243,0.005010365025432056,0.007702418887850934,1.4718750871988153e-05,0.001966508950380588,0.0018840050584640355
61,5.046979865771812e-07,0.056364191955199434,2.1197988846148072e-05,0.013162070848777782,0.014293888757807238,0.028627463139330078,6.413294482974964e-06,0.0071213077864635535,0.007096438741613051,0.007853868845377188,1.8628608653776607e-06,0.002017219043338654,0.001941232981921814,0.008017654566179217,8.63859585799577e-06,0.0017062057738510062,0.0021376899479815946,0.01578562270083174,1.0786056453564249e-05,0.0037767108325545804,0.004035377740049102,0.006999205189963463,3.840110155833098e-05,0.0017742483623410133,0.0017026046278612237
62,5.080536912751678e-07,0.037963578512023935,2.260396154882154e-06,0.008847183247283922,0.009460793818194943,0.021632508296683357,1.869658869615689e-05,0.005449314505405277,0.005456900079669452,0.007224680301878791,3.250248478170604e-05,0.00200023772339274,0.0017635649449052313,0.0009212103852722751,4.550312147284454e-07,0.00020165837946216865,0.0002406277715527716,0.01026654808525531,3.149199590947839e-05,0.0023498768338323893,0.002694662987877359,0.005606416723097883,6.700793476995075e-05,0.0014155358660835006,0.001358587969819185
63,5.114093959731543e-07,0.007242067417681839,4.751044624702399e-05,0.0017194257608962966,0.0017247603427827738,0.003678577481727498,8.745879651286526e-05,0.0009961461539764614,0.0009965567636366403,0.002241536918315792,0.0001047526773942432,0.0007403516127264634,0.0005535869109643451,0.00042292009076260785,2.4971466837824342e-06,7.827848152384289e-05,0.00012257521406220938,0.004712362563530231,5.781226271337742e-05,0.0009968003804350283,0.0013044070758633955,0.003816611365008571,9.432638049679673e-05,0.0009656980389944413,0.0009242276659272945
64,5.147651006711409e-07,0.0017293740949102386,9.19408409276473e-05,0.00044022811426393406,0.0005280597304628673,0.0038618855104636182,0.00011573529786465528,0.0009697497974769884,0.0009212676727510012,0.00011207382149259821,0.00011768634078693319,5.667290852931458e-05,6.309498799106987e-05,0.00388063530519778,1.3774483100615598e-05,0.0007558709001055253,0.0010890593635087672,0.0008008057212464816,8.415365856339353e-05,0.00013665198569022435,0.0002782863214883894,0.0020194552794823776,0.0001148741392919202,0.0005228226999368727,0.0004942854990167429
65,5.181208053691275e-07,0.017945190130701467,7.577518527858293e-05,0.00414694216314597,0.004736226910851593,0.02975798231307344,6.68762354213356e-05,0.007329211647405927,0.007274495252655621,0.004476951136825797,5.582811751660162e-05,0.0010661427907485278,0.001143960630341864,0.008953435103980181,3.1574633232133375e-05,0.0017403769495322045,0.002511846681701513,0.00034697213609875864,0.00010534131376076998,0.0002053974368000203,7.187423061934209e-05,0.0006299556655037802,0.00012490706421509402,0.00018968307998868072,0.00016860916282780645
66,5.21476510067114e-07,0.02763718236462571,2.221003123500693e-05,0.006356653816066984,0.0070813097107576455,0.05151767317515457,7.394224418212834e-06,0.012712767207514688,0.012777252413253818,0.01012792308611956,2.4750430829929477e-06,0.0025736632413566386,0.002509141306480386,0.013885359872631158,5.2149065229785066e-05,0.0026761762868614484,0.003909510899260337,0.004987337520526088,0.00011756627336956831,0.0015777880434520288,0.0011044544180577461,1.0086937682220955e-05,0.00012296754761688048,5.4225224617384815e-05,3.336550248805282e-05
67,5.248322147651006e-07,0.01925130184795718,7.82255984165582e-07,0.004438399797661492,0.0048019216195769685,0.04128935109938334,1.311929468126073e-05,0.010234922286593036,0.010385390464910963,0.009924902565614097,2.5026127929230903e-05,0.0026723392653013735,0.0024335678023056488,0.017567801148257716,7.151283224899731e-05,0.0033505468817798755,0.0049698563903712205,0.01583738978267711,0.00011896043896903136,0.004486172457198346,0.003673065272965066,0.00039845398106285487,0.00010993431308158611,0.00017234047628947863,0.00014436650791350923
68,5.281879194630873e-07,0.004657104665824472,3.648366627704283e-05,0.00111073106172827,0.0010947165123747534,0.009312610918176768,7.359319471130468e-05,0.0023668416195544786,0.0024446950732936994,0.004022517086153943,9.190363664801299e-05,0.00121136821391955,0.0009869400059488336,0.019470926295823664,8.619289721239313e-05,0.003671900236893389,0.00553657781828361,0.03322504468417372,0.0001097450503403972,0.008961679778083147,0.007883648819139713,0.0018622805780085373,8.863511670727017e-05,0.0005565176524593469,0.0005158118499778307
69,5.315436241610739e-07,0.00029717024205575465,8.29535100559379e-05,0.00010726147631676725,0.00012585475829948,0.0049973696509019215,0.0001122168540870014,0.001261922936854926,0.001168695026590779,9.800761061494622e-06,0.00011927387164441369,6.560804958879134e-05,3.0676494283085906e-05,0.019519892965199202,9.379567675505196e-05,0.003638834484992861,0.005579525291240149,0.056598483050749264,9.198717938152e-05,0.014820989525739145,0.013623851031021993,0.004281675387243605,6.315468923471832e-05,0.0011727739695858862,0.001116749536305446
70,5.348993288590604e-07,0.007677021518302601,8.390277683841054e-05,0.0017551221730801032,0.00211076654239897,0.056609457292327976,8.329686929339552e-05,0.013915740420398047,0.013796704227431351,0.0037696650584190736,7.558144377099682e-05,0.0008786921374029661,0.0009758037331971103,0.01796032660129294,9.331804628651232e-05,0.003309451417046607,0.005160299096692152,0.08464595037639293,6.90638574155118e-05,0.02170538020023367,0.020587738522290733,0.0073685647758627215,3.8003843131335414e-05,0.0019462556991936882,0.0018758041697727952
71,5.38255033557047e-07,0.015133829666817316,3.97457295560147e-05,0.00342653903867537,0.003965949617518013,0.11693376993585464,2.296555328666128e-05,0.028645944187708224,0.028914910197301903,0.011812560711011414,1.4236825172717982e-05,0.0029260807878709015,0.0029452497547010426,0.015232815450179373,8.518372309549196e-05,0.0027746941996221663,0.004398703038193453,0.11557785050406479,4.4967949332232215e-05,0.029156909362278265,0.028341622013079437,0.010714514256511588,1.7313382817996593e-05,0.002773816989289931,0.0026928209854842748
72,5.416107382550336e-07,0.013922110947791244,2.4172532852384986e-06,0.0031593592781817017,0.0035300113717587024,0.12117996771443569,1.0243586810508796e-06,0.029603143005993753,0.030300293744440997,0.01526541535660322,5.6236102806737044e-06,0.003945842371465851,0.003768260873071091,0.011863244450976354,7.103727582484227e-05,0.0021365808221701353,0.0034423030635563987,0.14746330730493465,2.3594300215968487e-05,0.036703382981467775,0.036405532204889034,0.013855960791303674,4.185925686011471e-06,0.0035405315847705475,0.003454720650825026
73,5.449664429530202e-07,0.00621349398191869,1.2984021236933419e-05,0.0014384641598744168,0.0015017487779328859,0.05035682339929069,3.9939391283798085e-05,0.012276153967767942,0.012835924999312324,0.010136879889872065,5.6920544075381614e-05,0.002765862469757922,0.002490599315264863,0.00837161823455158,5.336358739316308e-05,0.0014913133660796527,0.002440258769421948,0.17851547332747159,8.125183593109637e-06,0.043926154044183145,0.0443245618630705,0.01634389006856343,2.909869368001299e-07,0.004136867328924604,0.004052468738512234
74,5.483221476510067e-07,0.00040820816994393687,5.7597439751451735e-05,0.00013746960716935435,8.319570114036891e-05,0.004544636611525298,9.447370719042828e-05,0.0011991108549791775,0.0010038800917350763,0.0020321548675095225,0.00010937615483043357,0.000669247198729014,0.0005103598625938086,0.005201899047073752,3.501832523592491e-05,0.0009172449866335797,0.0015225296446912803,0.20726744786536472,5.991660761520437e-07,0.05049796605409915,0.0517151693447695,0.01780732421890635,5.735292055304423e-06,0.004473981562252154,0.004396569795887893
75,5.516778523489933e-07,0.0015242356269618018,8.688380840194688e-05,0.0003687331083633666,0.00048143004838207984,0.19941151576571076,0.00010551731396373745,0.0491926629398408,0.04840527216700706,0.0007971621899602308,0.00010654342635484147,0.00018874638096717135,0.00023586235236275078,0.0026756284367854878,1.8755518101634836e-05,0.0004677867830974354,0.0007855574291273455,0.23263535908305424,1.7056944168577677e-06,0.05619198160402341,0.058284588950720986,0.018004202270772346,1.919123285699209e-05,0.004495726332641248,0.004429472468180844
76,5.550335570469799e-07,0.006752163447543098,7.05686419463362e-05,0.0015114558709148386,0.0018610535903506196,0.506945483627256,6.267877181389002e-05,0.12410869870349675,0.12471406896295463,0.009555492247187937,5.320060274048989e-05,0.0022846661197293717,0.0024090681775055327,0.000970850221874865,6.8250974986406205e-06,0.00016915633704796924,0.00028510522376148196,0.2538991348775545,1.0806551628928931e-05,0.06087112195769282,0.06382989933810022,0.016857164367464636,3.822874171800144e-05,0.004186921275008581,0.0041342188895490605
77,5.583892617449665e-07,0.00990277871210756,2.69110700144454e-05,0.0022048161635544435,0.002603691747092787,0.7046583556100057,1.178303217535982e-05,0.17104978494249895,0.17511065168417478,0.020498237101555662,5.559114215750208e-06,0.005093978028368952,0.005098354082264724,0.00012500891824830218,6.91115142422274e-07,2.2400956344159713e-05,3.607111592311832e-05,0.27063997332650747,2.6150864898467958e-05,0.06446822256897164,0.06822569298848179,0.014474014579646475,5.9773324179877324e-05,0.00357794013227709,0.0035392545049149843
78,5.61744966442953e-07,0.008007664187607868,4.3198241537140754e-07,0.0017955139562826723,0.0020217253444677562,0.802981646151345,3.789120797478687e-06,0.19343625912602827,0.2010829986604696,0.02299604131129481,1.0759689918528636e-05,0.00588532851044841,0.005691576721294032,5.7151612986596645e-05,8.954932340316725e-07,8.59165884574032e-06,1.808788229528588e-05,0.282666037355405,4.522662095456465e-05,0.0669650254769172,0.07140779553724332,0.011152978540906685,8.060609884688367e-05,0.0027456481145196675,0.002719450549163648
79,5.651006711409396e-07,0.0032830975241666493,1.6085221971608133e-05,0.0007653745593269914,0.0007770899134607055,0.8491731592191614,4.4207081494367175e-05,0.20379906914399806,0.2133187524509383,0.014212329201294562,6.13279839071237e-05,0.003788209488927905,0.003509676494365714,0.0006022968944696152,7.067210099693282e-06,9.573766499301857e-05,0.00018495555125479186,0.2899455677972979,6.518035210702051e-05,0.06837457994631162,0.07335772479224341,0.007371930316477453,9.782845945402558e-05,0.0018104270091390325,0.00179320853626068
80,5.684563758389262e-07,0.0001689730647454505,5.689868388542829e-05,8.065824999560523e-05,3.3991805547822085e-05,0.8677621564595565,9.18099980739807e-05,0.2084209720792839,0.21760097024681635,0.0026037798892343754,0.0001067495672669297,0.0008113569491640453,0.0006559717285812652,0.0015501245955983538,1.8056231866886827e-05,0.00024595950035904344,0.0004756808409554005,0.2925560390647792,8.3237241532253e-05,0.06872882078208781,0.07409015302510705,0.0037596725989010537,0.00010923077106540451,0.0009287432624728352,0.0009152681227200327
81,5.718120805369128e-07,0.0009789169341273274,8.33460053038353e-05,0.00024338830358348288,0.00032903613060128635,0.8681289228443295,0.0001012859502301789,0.2090995175503811,0.2167468778797117,0.001418664491711203,0.00010435504047253109,0.0003269224098975414,0.0003887133985763127,0.0026812011753545558,3.215736454747062e-05,0.0004217576924649669,0.0008251337284184184,0.2906511848948595,9.706406776002984e-05,0.06807136348939168,0.0736440541776305,0.0010473632260051045,0.00011352700541942012,0.0002807641365895188,0.0002648204460451793
82,5.751677852348993e-07,0.004193845118378543,7.150816884571137e-05,0.0009275303592127612,0.0011923332040190322,0.8512143335495259,6.52052127820871e-05,0.2052341494539381,0.21184139819791628,0.015349680009514423,5.7911421434252765e-05,0.0036720001321419605,0.003848959492530878,0.003796134699582955,4.7382272820288294e-05,0.0005906813321999395,0.0011729050234304287,0.2844442041854794,0.0001050338858492507,0.06645471049635032,0.07207738392161524,2.5784704188296256e-07,0.000110441178599449,5.3126884732057045e-05,2.8979812716654088e-05
83,5.785234899328859e-07,0.006502622722584295,3.332604528238162e-05,0.001422959418540643,0.001744588116051636,0.8107932341033162,1.756399126059317e-05,0.19477829792477036,0.20192735091424477,0.03425946044623498,1.0578066934144499e-05,0.00841683236980593,0.008530896199311938,0.0047354910171841505,6.173779869560777e-05,0.0007281707302245121,0.0014696233901281474,0.27420398495932924,0.00010637060624919916,0.06394075940786287,0.06946477148782446,0.0013342978850692652,0.00010065333346085409,0.0004181269231313976,0.0003826600033211697
84,5.818791946308725e-07,0.005931638372733619,3.200125014449965e-06,0.0013057595625438326,0.0015204024139352228,0.7306876838214067,4.195894117782156e-07,0.17399576965027025,0.18289662765043938,0.042454485611786226,3.7509898288263676e-06,0.010617233700216165,0.010551294077344198,0.0053903366355751514,7.347417068290913e-05,0.0008187059166268333,0.0016805766420953951,0.26026066111298607,0.00010117051634552512,0.06060345354199307,0.06589754057506324,0.005627729039396629,8.563006931793119e-05,0.0015120200420876634,0.0014672274981808416
85,5.85234899328859e-07,0.0031816499650665028,6.515928771998548e-06,0.0007228989200695248,0.0007676189412177163,0.5812587553483163,2.693525410946384e-05,0.13665708013725764,0.14662468128006376,0.0321999810073018,4.146755773342165e-05,0.008219193628283447,0.007998218530873466,0.005704605939813083,8.127597040218172e-05,0.0008555975882110941,0.0017868880154855433,0.24301654032735037,9.031386123452086e-05,0.05653243636574532,0.06148525744795258,0.01324266386432672,6.737581631827658e-05,0.003416246106725535,0.00337144910840681
86,5.885906040268456e-07,0.0006093521928271997,3.892751287153081e-05,0.00017387905867969833,0.00012714451012765639,0.3399352710175124,7.268351058477464e-05,0.07860654939584844,0.08653657085918527,0.01101666523096308,8.997540572620154e-05,0.0029535189719404847,0.0027496749907074095,0.0056711371400618785,8.437990339696306e-05,0.0008398275722880104,0.0017847180549626755,0.22295810161676075,7.529132178792397e-05,0.05183658439691902,0.056357856496183516,0.024272610039868407,4.814577351451449e-05,0.006145516144684928,0.006118570955822212
87,5.919463087248322e-07,0.00010815484077974708,7.233754665990698e-05,5.9376111369596964e-05,6.428831352464223e-05,0.08868762380555288,9.897400869241028e-05,0.019876303866858343,0.02293776746944101,5.589242179839801e-05,0.00010862064132210322,5.2760588879261424e-05,4.117675463947039e-05,0.005323366296113412,8.261472070612928e-05,0.0007783270730574494,0.001683039962607089,0.20066437314014435,5.797694632677802e-05,0.046646296082984935,0.05066722647297181,0.03852780977820719,3.0160171471235986e-05,0.00964550220416702,0.009662436823232782
88,5.953020134228188e-07,0.0016883629035687445,7.953465503973152e-05,0.00038281629273426046,0.0005264005710187617,3.474873607379122e-05,8.504090505921328e-05,6.809524630634735e-05,1.966153185269665e-05,0.017954237718887676,8.325399454764389e-05,0.004269665386230533,0.00447834400080294,0.004724525384322199,7.636861835066623e-05,0.0006820183379065416,0.0015005254490228933,0.17680684105296726,4.0380909716083113e-05,0.041113464885492265,0.04458702974289925,0.05556149405065649,1.5353483353579038e-05,0.013800587266486421,0.013893510621101004
89,5.986577181208053e-07,0.003772140519216162,5.5680028454003824e-05,0.0008151298352989141,0.001065107545277439,0.04578057368164741,4.3157846371708796e-05,0.01124304823468868,0.011275194119594783,0.059226545106636316,3.53931300573969e-05,0.014373408301810388,0.014732027868428867,0.003955922510251823,6.64971236591477e-05,0.0005638710271847701,0.0012620230717120132,0.15213655133315288,2.441305795350473e-05,0.03540825635176421,0.0383095915460904,0.0747300038896691,5.183037587959042e-06,0.018449613671051916,0.01865323572751723
90,6.020134228187919e-07,0.0046507857469479455,2.029352726250242e-05,0.001000041848617139,0.001242654825792336,0.09634177280711553,6.8308659131566575e-06,0.022922442019842598,0.024018039187446525,0.09657944305206097,2.775909964854766e-06,0.023642624767449726,0.024053006915172658,0.003105582454538095,5.418936472244734e-05,0.0004371549263000324,0.0009950376689909898,0.12745568814494052,1.1682572794318134e-05,0.029712230045185813,0.032039057341280354,0.09527216861588414,5.109473568057104e-07,0.023405808490699006,0.023753297685113247
91,6.053691275167785e-07,0.0037469891848787734,4.963429292341855e-07,0.000816233365601826,0.0009502971669581275,0.10409801991865733,3.3594998733574077e-06,0.02431430005374749,0.026133036786153675,0.10333102786911014,9.356421056213594e-06,0.02546088378565098,0.0257756131472179,0.002258228452131688,4.081265489697783e-05,0.00031401047005888194,0.0007265387649217202,0.10357381923154957,3.351451586773885e-06,0.024208024893929946,0.02598072849305166,0.11639098165651025,1.5629458748152248e-06,0.028476659848896926,0.02899571000266477
92,6.087248322147651e-07,0.0018359417010658879,1.0210046757172562e-05,0.00042264357064769007,0.0004316554459477731,0.07471196043023416,3.3870055448106135e-05,0.017111080130157597,0.018903827497240264,0.06892253070856087,4.851485477402125e-05,0.017133248706628048,0.017241525333799673,0.0014872949850644767,2.7754798314795545e-05,0.0002044067245479996,0.0004803404792456405,0.0812528296004307,5.1042485322043224e-08,0.01906666995323204,0.020327466115528926,0.13732348644486694,7.958782731810456e-06,0.03348039417160251,0.03419025473891677
93,6.120805369127516e-07,0.0003023867840552252,4.103511020969242e-05,0.00010397474617818714,5.9807576927236146e-05,0.03250230053515056,7.461768018220889e-05,0.007229761954562516,0.008329079454715001,0.013863598283593485,9.033218243572782e-05,0.003563599097896327,0.0035341872641172604,0.0008493730372538876,1.6280960953840227e-05,0.00011551072242739293,0.00027520641701757657,0.06114832062726533,1.8626912691365347e-06,0.014434367144244429,0.015245046690309131,0.15739073950406868,1.880201592664266e-05,0.03825727378665805,0.03916719582717535
94,6.154362416107382e-07,9.845622558514308e-05,7.00077696885742e-05,5.570736569536392e-05,6.0472581888149704e-05,0.004274383451049508,9.594408203950383e-05,0.0008823914109364666,0.0011557427348910393,0.013302538739803239,0.00010479977202986277,0.0032068008839916634,0.003231806158644088,0.00038120799231699057,7.418004375328054e-06,5.1451605733818884e-05,0.00012374316466422263,0.04375755038352363,8.356525146756778e-06,0.010421021947697222,0.010858999544062184,0.1760260093544082,3.281263585263592e-05,0.042675501885196115,0.04378469306224443
95,6.187919463087248e-07,0.0011527032990139715,7.681334614207655e-05,0.0002641008041492488,0.00037666651083667337,0.0020518350109496757,8.349437061480946e-05,0.000621540414824598,0.0004991695942999397,0.1478264836804983,8.266005821151502e-05,0.03596538871593206,0.036381804892678046,9.911175321786478e-05,1.8745182894243338e-06,1.3429171444471317e-05,3.2061321598109244e-05,0.029383679023014482,1.867713193245113e-05,0.007092640340095756,0.007245442082587819,0.1927840305069133,4.848397358918988e-05,0.04663262135388254,0.04793149600495262
96,6.221476510067114e-07,0.0025682439090484615,5.7508499814523054e-05,0.0005479665463844879,0.0007476904283147621,0.017016066698751435,4.6901297301796446e-05,0.004193483259472913,0.0042066154460232135,0.3652912921098957,4.0164150697597254e-05,0.08887182325400411,0.09047667364590894,4.370486872464592e-07,3.02512283075869e-11,9.156349220301462e-08,1.1108767966853785e-07,0.018122912729756416,3.166169061843576e-05,0.00446893993770006,0.004427668245369569,0.20733648139665442,6.424553930488767e-05,0.05005379279342189,0.05152610848087523
97,6.255033557046979e-07,0.003336188688593979,2.590451389481384e-05,0.0007036356064387885,0.0009118818879869509,0.03234251858561838,1.1500090168386682e-05,0.007660232329083834,0.008061471357837439,0.5533997387291669,6.45000499041066e-06,0.1342082679462084,0.13781448586823858,6.661395406500939e-05,1.782522250495933e-06,8.093151309733349e-06,2.2547264930837017e-05,0.00987605163065783,4.597496444704746e-05,0.0025263707176668335,0.0023789633613649553,0.21945922308910945,7.86154108848063e-05,0.052888347927291544,0.05451374869720619
98,6.288590604026845e-07,0.0029932858218387434,3.1028480086487568e-06,0.0006372744436813038,0.0007742710234236352,0.037063717795753195,4.0859752768076765e-07,0.008570801713578607,0.009293500543118347,0.6773655731979685,3.2427243915641815e-06,0.16371210891224144,0.16936852363278654,0.0002671778840867071,6.879810719004336e-06,3.2741758116662956e-05,8.995021260215274e-05,0.0043806916557091735,6.024621705238125e-05,0.0012055976857158852,0.0010307596730392207,0.22901598726250919,9.032905332107803e-05,0.05510574476771973,0.05686226134034479
99,6.322147651006711e-07,0.0018267675707337866,3.307765206352487e-06,0.00040557105702548505,0.00044097851919709305,0.029780595526726357,1.9718472069836092e-05,0.006732332976088155,0.007518864814819373,0.7510130882953947,3.1268240405553076e-05,0.18116921237660252,0.18810319203170414,0.0005642232741801582,1.4677765958070845e-05,6.86531045336142e-05,0.00019022494271691092,0.0012566237615839757,7.319513017707465e-05,0.0004217299344674552,0.0002842616224644036,0.23594187562762478,9.8435463366169e-05,0.05669168791982606,0.05855784055700322
100,6.355704697986577e-07,0.0005948309216357925,2.53641767827343e-05,0.0001592065970578265,0.00012647351554289914,0.01614294171337435,5.5927063312108765e-05,0.0035469051793805863,0.004121349674980818,0.7921614758480846,7.144357742057487e-05,0.19112859971752122,0.19823610138077916,0.0009167843939423006,2.436683684411871e-05,0.0001103467410810037,0.00031001653690636077,5.5725110998896726e-05,8.373670389814626e-05,7.536457641086517e-05,2.3309247163529633e-05,0.24022872596107916,0.00010235578899384838,0.057644841143475886,0.05960111717088517
101,6.389261744966442e-07,9.12284842622126e-06,5.465357576739645e-05,3.9318472381480746e-05,1.0015091350165901e-05,0.004308667596742892,8.582415684791914e-05,0.0009047475209437045,0.0011377936070189724,0.8120753552293506,9.826773130099213e-05,0.19623235050567753,0.20267603867258777,0.0012847531189086304,3.502786567256381e-05,0.00015273815798815901,0.00043601028711038253,0.0003086963012951947,9.105844933818045e-05,6.279525108110167e-05,0.0001264891202048619,0.2419133515689695,0.00010190362535015553,0.05797430261908596,0.060003910454603036
102,6.422818791946308e-07,0.000317628281146398,7.301259917189382e-05,9.512512598551965e-05,0.00013286288711622515,1.042096568284299e-07,9.135287990119208e-05,4.757548012462479e-05,2.15603353607798e-05,0.8163142795399322,9.581847405580291e-05,0.19752063652749066,0.20313137076180823,0.0016320699304184774,4.571859409447445e-05,0.00019150257369338593,0.0005560224666099386,0.0015634713707007955,9.466655474312805e-05,0.00028430437064802,0.00047712330217205006,0.24106892645165406,9.726969506474662e-05,0.05769784363848721,0.05978676086683515
103,6.456375838926174e-07,0.001220468818511372,6.982518893114604e-05,0.00026820177479334626,0.0003916037216392203,0.0035245861071512225,6.998763305634638e-05,0.0009492336738293541,0.000873905942688146,0.8064425760491446,6.650354494067835e-05,0.1950330670165707,0.2003549681171572,0.0019290487560504395,5.555338234171873e-05,0.00022330430059092616,0.0006598261379790046,0.0034129355339171047,9.440082130864837e-05,0.0006500785490977276,0.0009704904120497684,0.23779932543637583,8.897635352911199e-05,0.056840813346365544,0.05897723798343542
104,6.489932885906039e-07,0.0021167635589116303,4.7651598683546485e-05,0.00044152726199997043,0.0006172773223032173,0.010717054132639646,3.5057356107834186e-05,0.002600905965967706,0.0026638582473333602,0.7807731011434005,2.8257862483393357e-05,0.18817028635360175,0.19415264276699618,0.0021538042163813604,6.377026871171487e-05,0.0002458998863665381,0.0007396912159233763,0.005511922022902481,9.042081236379515e-05,0.001083787432734351,0.001518245808782155,0.23223596152602377,7.780920580549346e-05,0.05543556379341454,0.05760894122325442
105,6.523489932885905e-07,0.0024824409733638394,1.9768931425853073e-05,0.000513233626015615,0.0006796581451768189,0.016434266367690815,6.9303256874218055e-06,0.003833574075719322,0.004104093998078175,0.734208282165775,3.0888248357390443e-06,0.17576448443716045,0.18323879169006518,0.002292833753641708,6.978136006618549e-05,0.00025813286336272436,0.0007906463517790617,0.007584958040445746,8.316770246783936e-05,0.0015241762961768473,0.0020504088281181315,0.2245365191996295,6.473406924636334e-05,0.05352123113011312,0.05572106377594594
106,6.557046979865771e-07,0.0021446553155492387,1.9057018423960859e-06,0.0004495830452476749,0.0005533871777983648,0.017536979193229902,1.0262607991238132e-06,0.003980963560825831,0.004401658772751504,0.6577453988540616,4.395185849032445e-06,0.15597306947309333,0.16510985496212907,0.0023408650614274167,7.320446087015554e-05,0.00025984319469636927,0.0008104910411323472,0.009426898795951965,7.330768554835237e-05,0.0019251515354646595,0.0025154706967150035,0.2148849086114932,5.0807633967951124e-05,0.051143705980050115,0.05335836027141702
107,6.590604026845638e-07,0.0013266094387693354,3.3875453095568294e-06,0.0002932108362160912,0.00031760732798933824,0.01390581876014728,1.966031941326328e-05,0.003077057668320088,0.0035144677256779737,0.5397419612901432,3.023446104265407e-05,0.12651442379337655,0.13644797666626787,0.002300113264810075,7.387564567068588e-05,0.00025171617944011823,0.0007995998845262601,0.010898641055445149,6.1663500154585e-05,0.002254836474904031,0.0028791992083174586,0.20349173016251992,3.708958955589884e-05,0.04835563060164395,0.050571339174848046
108,6.624161073825503e-07,0.0004803735920172295,2.2574274000385963e-05,0.0001305134494720887,0.00010114300551898215,0.007814318041319242,5.175638663715859e-05,0.001679422190063389,0.0019999464786412593,0.37516812298319535,6.556177308707105e-05,0.08673359397487733,0.09559572971986639,0.0021791065752183036,7.184402786148388e-05,0.00023509464943840337,0.0007605680972280783,0.011919805907050057,4.9140705524753556e-05,0.0024940013279946935,0.003122642517328653,0.1905945307339806,2.4562863672203006e-05,0.04521626930379597,0.04741648941561962
109,6.657718120805369e-07,2.550850131646186e-05,4.855010487941741e-05,4.13670779636488e-05,9.630727297780209e-06,0.0024102521007007523,7.971952349127831e-05,0.0005032417050218448,0.0006420977238023864,0.18925896206692833,9.122686633187505e-05,0.042933437321681304,0.048719134289046506,0.001991238419879683,6.735119133663173e-05,0.00021177568881371753,0.0006977494058701651,0.012459842842707028,3.665488618657591e-05,0.0026341727502844324,0.003239721604146479,0.17645715690165797,1.406713410451296e-05,0.04179111256803131,0.043956348964777923
110,6.691275167785235e-07,0.00013890667930917554,6.749163764543943e-05,5.9318252690917036e-05,7.399442583177296e-05,3.767403679637901e-05,8.90745670542244e-05,4.415494902691531e-05,3.2812535109299526e-05,0.04821713936142734,9.41776504664464e-05,0.010500004955011818,0.012695725748986452,0.0017531927171227626,6.079858987239577e-05,0.00018380959220619392,0.0006167356247121464,0.012528575851694857,2.5065094279915924e-05,0.002675634699191887,0.003234687134818111,0.16136758170869114,6.249105092412627e-06,0.038151097678696504,0.04025923505308536
111,6.724832214765101e-07,0.0006953839693869084,6.993242236498345e-05,0.00016088486361893003,0.00024361631018739502,0.0011841081108564838,7.562382157463296e-05,0.0003649547903813191,0.00030296857264106605,0.00017463683585952595,7.357276171661656e-05,3.0047853369012057e-05,8.965719846064248e-05,0.0014833706396414391,5.2706678596562514e-05,0.0001533148982732973,0.0005238225584018198,0.012166858211337627,1.5117689799325523e-05,0.002625457220385804,0.003119621334593354,0.1456337179605954,1.531340307205921e-06,0.03437136324118686,0.03639848629576982
112,6.758389261744966e-07,0.0013670663520886134,5.517588139738905e-05,0.00028475908137226194,0.0004214191138598886,0.004552063226030375,4.680255092148594e-05,0.0011401810598994338,0.0011348053851924925,0.020624634919769787,4.04075511916518e-05,0.005225380789216466,0.004979264807541545,0.0012004246378716102,4.366965023704712e-05,0.00012231945275559676,0.0004255003264622238,0.011437746736169232,7.4034416803136425e-06,0.002495636565867952,0.0029120955494300314,0.12957694476843395,9.985223243346124e-08,0.030529504328552694,0.03245111958001716
113,6.791946308724832e-07,0.0018070999505487768,3.0992765923693e-05,0.00036636670703355114,0.000516859308794889,0.008033245256186225,1.7188696677447064e-05,0.0018903564382836621,0.002003995995411728,0.05787077052963203,1.1337455801225492e-05,0.013905564597103823,0.014340450546170678,0.0009219807604099428,3.4309455856356074e-05,9.26337936566901e-05,0.0003279984751785606,0.010418439823238212,2.3294287698458502e-06,0.002301396046094074,0.0026330478660664086,0.11352336303684328,1.909263888416881e-06,0.026703358457067887,0.02849587890385802
114,6.825503355704698e-07,0.0018151114554989954,9.258185524085642e-06,0.0003685450061093098,0.00048806494706447314,0.00985589848323888,9.579818587194184e-07,0.002237487489635042,0.002466914487327988,0.08135727294288683,1.5532259333662032e-07,0.0190913669341932,0.02039222005836918,0.0006636050192845035,2.5232359316751776e-05,6.575984525903977e-05,0.00023690794214045825,0.009193125090464436,1.0603265484212097e-07,0.0020596771505042737,0.002304917260967241,0.09779313637785317,6.7032543219013714e-06,0.022968424834968595,0.024610743615427456
115,6.859060402684564e-07,0.0014110160056074986,3.64293081627797e-08,0.0002949193557034155,0.00035523065064106056,0.009299966641226244,5.196791518091933e-06,0.0020522817336940113,0.0023397911959729665,0.08300244005966984,1.1407817949121664e-05,0.019106315509778263,0.021000628244615058,0.00043804503563866826,1.699067691954305e-05,4.283504472443762e-05,0.00015689359382614078,0.007846827485637772,7.482243920621041e-07,0.001787839414889609,0.001950055050389706,0.08268862018425685,1.4047212685361957e-05,0.019395090182521158,0.020870057741874826
116,6.892617449664429e-07,0.0007995350821477436,7.041228434892785e-06,0.00018300912582495097,0.00018405299280508544,0.0068033862524751005,2.7114167962454205e-05,0.0014615335841246353,0.0017265051075794798,0.06648217966009193,3.895914795303374e-05,0.014993116681217538,0.01699401911616731,0.0002547556173548839,1.0051658425800473e-05,2.4609665703282088e-05,9.150313324138416e-05,0.006460316266286494,4.089469440912104e-06,0.0015025808238527873,0.001589425327176843,0.0684822700346572,2.3369566599907315e-05,0.01604589033994541,0.01734152364092901
117,6.926174496644295e-07,0.00025788897488509275,2.64063137319368e-05,8.334777889680162e-05,5.11724638439785e-05,0.0035833550325348965,5.602341362646459e-05,0.0007501741435105661,0.0009265678765440916,0.040866445994096834,6.958577291388795e-05,0.0089756649255286,0.010590412724369622,0.00011969725266901855,4.774737543493901e-06,1.145328969575726e-05,4.307107669663919e-05,0.00510610371359586,9.805939521195323e-06,0.0012190850906193048,0.001241599372428118,0.055405485202666985,3.400810326180786e-05,0.012973064155920644,0.014083354235932695
118,6.959731543624161e-07,6.131266194901537e-06,4.8964880057659276e-05,3.577205335926352e-05,9.16180510764224e-06,0.0010096570235106758,7.869120535225584e-05,0.00021645238076605896,0.0002808440347107456,0.016803661198099354,8.941470396278965e-05,0.0035305187403966007,0.004465391010163777,3.538053566942326e-05,1.3976744813593711e-06,3.385128623164429e-06,1.271055170646557e-05,0.0038455406757440854,1.744833370222109e-05,0.0009503962047632263,0.0009220421105832945,0.04363953430556001,4.5257730594821624e-05,0.010216645103367502,0.011141884670668296
119,6.993288590604027e-07,0.00011841509451629563,6.465499683054124e-05,5.355063802448854e-05,6.626292627371993e-05,3.2908679089098813e-06,8.53293561593742e-05,4.330106199356743e-05,2.14214813448478e-05,0.0025371089345267686,9.005456847662435e-05,0.0004706514464442306,0.0007441606733893596,1.1177833770777543e-06,3.147457301110746e-08,1.2221470015348609e-07,3.8109721145574935e-07,0.002726980656024435,2.647846134670699e-05,0.0007070136207290529,0.000642680448969454,0.03330951295909395,5.6416480024112266e-05,0.007803284768182548,0.008549901111721398
120,7.026845637583892e-07,0.0005079601647144964,6.691596886956023e-05,0.00012105170955601184,0.00018773148682116252,0.0007074381364149586,7.35665211698058e-05,0.00023739088767987576,0.00018769111255941093,0.0006381493883667965,7.181437573439671e-05,0.0002548578092657454,0.0001414060093420643,1.3435750993579984e-05,6.634272534275582e-07,1.1393082273445011e-06,5.017562284152625e-06,0.0017849463021036643,3.6307799165623505e-05,0.0004966936969935746,0.0004117339507958281,0.024481926063274397,6.682707251983236e-05,0.005745918279663871,0.006325857752835675
121,7.060402684563759e-07,0.000981836978191031,5.5209672459043656e-05,0.00020388152015510477,0.0003153033874757303,0.002542753638076462,4.892824462770204e-05,0.0006535114972621362,0.0006383738464531544,0.007885699470171974,4.2963515193556966e-05,0.0020383592578044544,0.0018938063791737643,6.660025681914644e-05,3.167188625878243e-06,5.734661197557738e-06,2.470358938716912e-05,0.0010401937906704174,4.633546601972993e-05,0.00032443532571303644,0.00023377868536686422,0.017166037190866658,7.591199277657942e-05,0.0040442804397756785,0.004474039420968684
122,7.093959731543625e-07,0.001332215542737223,3.481391709179314e-05,0.00026526595554780607,0.00039392821238773824,0.004560875072916391,2.198964529605798e-05,0.0010791870484169095,0.0011389209943680825,0.018236793293797543,1.5744903848244913e-05,0.004397373766947227,0.00449533390191268,0.00015320424060850287,7.318537015052021e-06,1.3096420201567697e-05,5.687291234445174e-05,0.0005005367991443799,5.59834192408472e-05,0.0001926211151621921,0.00011000657906730035,0.011318672739181,8.320068271308984e-05,0.0026861822666842416,0.002985609215622044
123,7.127516778523491e-07,0.0014211818336413047,1.4257925402156306e-05,0.0002809985201118651,0.0003936189032111262,0.0058828350346736375,3.708946221547517e-06,0.0013307471071414476,0.0014706429328590035,0.026230645798108986,1.0972125831996832e-06,0.0061065340306500765,0.006559985844320367,0.0002647746127689783,1.2815263013097265e-05,2.2365346417596608e-05,9.852258975919077e-05,0.00016226711868009788,6.47271209648478e-05,0.00010128086613706847,3.863638098166283e-05,0.006851793907451492,8.834812218057549e-05,0.0016493789842539335,0.001840380765764134
124,7.161073825503356e-07,0.0012266599336990553,1.677141409762941e-06,0.00024732103144287955,0.00031844418167157457,0.006024109093774031,1.0076335852211369e-06,0.0013191036514157205,0.0015116660372868245,0.028836348053036403,4.3501613726482355e-06,0.006535686694722424,0.007296856903682302,0.0003923593805913943,1.9299604441447668e-05,3.269056071328644e-05,0.0001464240681868818,1.199654587948003e-05,7.212041035495495e-05,4.844195059514502e-05,1.542930248799546e-05,0.0036419145714228197,9.114466967185831e-05,0.0009038141784892546,0.001009089267510766
125,7.194630872483222e-07,0.0008379029439513193,1.6417061304127266e-06,0.0001798744699647876,0.00020117966423348563,0.005011234802739259,1.4324759212847194e-05,0.0010675343504609929,0.0012662567269781397,0.025704932011583918,2.3511437465955224e-05,0.005677040261208002,0.006583981723128292,0.0005270640963147231,2.6381687365563645e-05,4.3276083686601686e-05,0.00019732034025851712,2.874548061791983e-05,7.781381051960211e-05,3.053167538144494e-05,3.426279672536418e-05,0.0015403695398233206,9.151755873471371e-05,0.00041401449777478844,0.00045591121826170757
126,7.228187919463088e-07,0.0004096670720741366,1.3643160056918211e-05,0.00010549128861769606,8.775676137062133e-05,0.0032962509680590528,3.7897474109940265e-05,0.0006859188298145356,0.0008443642113856774,0.018558310900427984,5.055050890376858e-05,0.003978351193173619,0.004826310847334943,0.0006605148460427223,3.366256798116611e-05,5.341694679529702e-05,0.00024810015381836756,0.0001861166122605895,8.156596664456304e-05,4.279952907751151e-05,8.771957293168615e-05,0.0003835103481877442,8.952486829959152e-05,0.000141430522733023,0.00014099675528325695
127,7.261744966442953e-07,9.763563893096105e-05,3.264567449551654e-05,5.0907054029920334e-05,1.8671301392402366e-05,0.0015359552459070908,6.238028469665362e-05,0.00031857963126363,0.0004077405734087964,0.010216037750055562,7.487443810531205e-05,0.0021019802654187593,0.002721092111226647,0.0007852330927333788,4.075566607974823e-05,6.252453729237994e-05,0.0002959429937742113,0.00045441459330218103,8.324833073630549e-05,7.973181581359055e-05,0.00016765512323799433,2.083509981539938e-06,8.534309918884288e-05,4.6562540459770564e-05,2.282075008402943e-05
128,7.295302013422819e-07,1.1452241669889049e-06,5.128055692839767e-05,3.2966604138692065e-05,1.4560795988443227e-05,0.0003298882239160434,7.857731629551008e-05,8.757211291615613e-05,0.00010533273467249993,0.0034928038777797153,8.745812027437526e-05,0.0006692132394625757,0.0009838526176619033,0.000894915163182093,4.730561786533869e-05,7.014156654053208e-05,0.0003384312006986609,0.0008026012062352815,8.28435619713395e-05,0.00013543688216420479,0.00026571485703599606,0.0002292772938849127,7.924969496629556e-05,9.076329613166773e-05,6.021619899985779e-05
129,7.328859060402685e-07,0.00013313503045999495,6.27053381386683e-05,5.3690770702631464e-05,7.06997482381451e-05,1.2486177298699697e-05,8.0797435727339e-05,5.174534587991963e-05,2.139262369182213e-05,0.0002215315408590648,8.403905314385778e-05,5.0160080383390876e-05,9.699376494662141e-05,0.0009846156611508256,5.3003834182335946e-05,7.594760113061411e-05,0.00037362796474109633,0.0012000065986209065,8.043839026526435e-05,0.00020398524002017215,0.0003737804149107062,0.0009071595277389638,7.160194948696128e-05,0.00023766288157354596,0.0002140134780523242
130,7.362416107382551e-07,0.00042467205685540083,6.30254225787518e-05,0.00010129789955549062,0.00016130206630455676,0.0005675706617607958,6.86589486386811e-05,0.00019420131294269334,0.00015357436444089211,0.000738358738036026,6.632164201428609e-05,0.0002693678994892684,0.00016947830288535079,0.0010508393904642556,5.760031187943892e-05,7.97564705434825e-05,0.00040012194818232007,0.0016177474880208651,7.621189058555115e-05,0.00027969477554663324,0.00048433299782388176,0.0018914352582217945,6.281375677712202e-05,0.00045420629357670805,0.00044826226446322687
131,7.395973154362416e-07,0.0007577930535626964,5.246400622683426e-05,0.00015594051122904757,0.0002508116738983807,0.00168043358255254,4.686212949842857e-05,0.0004387022857877807,0.00042529380451449125,0.004016843018966001,4.0968586060374104e-05,0.001057629901922412,0.0009611453358367746,0.0010915504133286024,6.0911496026584736e-05,8.150707906047074e-05,0.00041704089955748203,0.002029830402350662,7.042023801091208e-05,0.0003573564680087513,0.0005907289316835951,0.003054609812125922,5.333159471129934e-05,0.0007113279649057643,0.0007310539612915913
132,7.429530201342282e-07,0.001011189310718211,3.5000042326210527e-05,0.00019743877989017496,0.00030723260324853793,0.002887141742328657,2.321346896624773e-05,0.0006843763522067183,0.0007224870986192311,0.008298784741336069,1.6951806398280962e-05,0.0020059701055061005,0.002036922975275243,0.0011061096852587322,6.282421715259542e-05,8.12492269690605e-05,0.0004240378187642269,0.0024139405216416702,6.337906384658571e-05,0.0004324003572783451,0.0006873887749941436,0.004287744732222405,4.361100737894635e-05,0.000984308970405358,0.0010349896174637085
133,7.463087248322148e-07,0.0011012775317149153,1.6753235534138878e-05,0.0002120723250824833,0.00031259868091127087,0.003750645974965813,5.752675529486036e-06,0.0008431047197845308,0.0009371568129114925,0.01184495574049094,2.3321871781277437e-06,0.0027347639112193472,0.0029557626858227144,0.001095154405482298,6.329592200443155e-05,7.912601449739172e-05,0.000421254035652036,0.002751933892886269,5.5444519444061244e-05,0.0005010047939877509,0.0007699058891706861,0.005501046245683552,3.4094677649149254e-05,0.0012528730293559895,0.0013373526614960287
134,7.496644295302014e-07,0.001005696898796871,3.7863665577058813e-06,0.00019632992962709603,0.00026747363026018465,0.003998794541083376,4.020076120034027e-08,0.0008663915182081646,0.0010015069382524648,0.01348510710859871,1.6121794451707007e-06,0.0030093575132700665,0.0034117391042941913,0.001060432949365732,6.235157315639012e-05,7.53542893405085e-05,0.0004092640122371736,0.003030062769622712,4.6994086938323895e-05,0.0005601543086990349,0.0008350835437943117,0.006623538975485968,2.5192976649334568e-05,0.001501079367605843,0.0016200498505427802
135,7.530201342281879e-07,0.0007641624837046695,1.1209479708960264e-07,0.0001568695274406035,0.00018886493251736122,0.003587681668044018,7.490366142623709e-06,0.0007551580012227711,0.0009036871204174248,0.012849736134832734,1.4487269336796196e-05,0.002780549927712752,0.003296514667039801,0.0010046091745871263,6.007770964181418e-05,7.020443096902709e-05,0.0003890068193094304,0.003238971131353231,3.840806620637444e-05,0.0006076528584619022,0.0008809114750174472,0.007602063781840081,1.7267655238938238e-05,0.0017170667393207391,0.0018693807798086793
136,7.563758389261745e-07,0.00045953104739233306,6.5339706897458425e-06,0.00010725624720965172,0.00010312798360032465,0.002685372026240271,2.5191746842562427e-05,0.0005527202958436174,0.0006840308438765687,0.010321735320890969,3.626821580201149e-05,0.00216230777299884,0.002692018971666887,0.000931049184114969,5.6614237685782864e-05,6.398056442678104e-05,0.000361709124574344,0.003373500876782094,3.0052526614273804e-05,0.0006420999074279069,0.0009064935830658869,0.008399809202499343,1.06191172824649e-05,0.001892695924553972,0.0020756890166720252
137,7.597315436241611e-07,0.00018756193646321385,2.06098630264585e-05,6.294884282786813e-05,3.673815333307134e-05,0.0015943918237561715,4.712519680781163e-05,0.00032596496695570446,0.00041628795705405975,0.00679893904643449,5.9672209251095727e-05,0.0013700350704512485,0.001815103080537083,0.0008436024455640824,5.214455969220306e-05,5.700208118702704e-05,0.0003288042145274419,0.0034323496536243876,2.226435191185627e-05,0.0006628369408749215,0.0009119383983779083,0.00899454990699243,5.477497040794864e-06,0.002023129750103601,0.002232938772890257
138,7.630872483221477e-07,2.6089184773457647e-05,3.763681397967188e-05,3.6321457835182506e-05,8.045376671969796e-06,0.0006443513336296866,6.625595733235875e-05,0.00014204961995634583,0.00018141019732316599,0.0033599346718701283,7.727939966954467e-05,0.0006423061237071458,0.0009359152639469525,0.0007463876515931945,4.688465457614999e-05,4.958712892359618e-05,0.0002918511063401367,0.0034176196348519447,1.5338837506372045e-05,0.000669871755990035,0.0008982233081626178,0.009376729155437356,1.9975626839767107e-06,0.0021063814532081442,0.0023382516797526985
139,7.664429530201342e-07,1.3085916502978472e-05,5.2249968483748555e-05,3.324155361724883e-05,2.2418809249018624e-05,8.971989086460829e-05,7.676439754296987e-05,4.808829373174762e-05,4.238266863775107e-05,0.0009250659528470931,8.382577494658793e-05,0.0001675196193514938,0.0002922005467656667,0.0006435919851168261,4.10716981293792e-05,4.2038526169794787e-05,0.00025245723540881325,0.0033342935031869633,9.520130662789101e-06,0.0006637873510217201,0.0008670425252030399,0.009547489256783467,2.5729196690695024e-07,0.002142854804496529,0.0023914297197137383
140,7.697986577181208e-07,0.00013918440838690731,6.008785042907304e-05,5.2033364864495044e-05,7.185820753380641e-05,4.2398780838618776e-05,7.572316085588038e-05,5.947446542976199e-05,2.7429824850824516e-05,4.693220337425637e-06,7.765114591010285e-05,3.4854684973798787e-05,2.3064891760451603e-05,0.0005392906335114154,3.4952763831861856e-05,3.46323690988289e-05,0.00021220757029843837,0.0031896700351703704,4.994643851799901e-06,0.0006456415512328473,0.0008206475641420788,0.009516726298121739,2.5981945929116943e-07,0.002134893192172102,0.0023944832133376863
141,7.731543624161074e-07,0.00035510115684015726,5.901982536329268e-05,8.480938120769855e-05,0.00013865404255611577,0.00045515239549254844,6.377472695768897e-05,0.0001592115718688381,0.00012569307977780724,0.0006032720707968512,6.095392547317295e-05,0.0002217997869898484,0.00014092149288110053,0.0004372915678515891,2.8774078115093295e-05,2.7609430891601153e-05,0.00017260234590582425,0.002992787402410587,1.8874258094780733e-06,0.0006168627419242626,0.0007616876885123994,0.00930122342951603,1.9383402127122496e-06,0.0020863499177302585,0.0023511771112113213
142,7.76510067114094e-07,0.0005898662153133778,4.961861131055906e-05,0.00012044248491105105,0.00020150437026062687,0.001154195388061856,4.4708589546960654e-05,0.0003069020664820832,0.0002950771767749615,0.0022920959761411406,3.889496118754192e-05,0.0006176783150716132,0.000546448335597499,0.0003410088408322539,2.277122523294839e-05,2.1169312231305664e-05,0.00013500494892100033,0.002753857916458334,2.6134854682339645e-07,0.0005791462784472607,0.0006930564864754383,0.008922900336931312,5.163473261494024e-06,0.0020021881623722144,0.0022666046084599623
143,7.798657718120805e-07,0.0007731500070451137,3.4815482403252135e-05,0.00014808287423678627,0.0002419805250995681,0.001904018240897412,2.4166732241449074e-05,0.0004532448727710942,0.00047811237699073013,0.0044007745303286955,1.7920093338978065e-05,0.0010698245235447365,0.0010748884261235494,0.0002533660201657803,1.716061096809481e-05,1.5467185730663765e-05,0.0001006008631067585,0.0024837336169172275,1.1886460313796948e-07,0.0005343553451811977,0.0006177494756181571,0.008407204361802876,9.752539077460977e-06,0.001888116261537252,0.002146794066291441
144,7.832214765100671e-07,0.0008548138733054744,1.8915739086261608e-05,0.0001601470473113235,0.0002494402926263633,0.002480443259504386,7.928754381094677e-06,0.0005549282442283549,0.0006198733560450607,0.0062438375792512,3.852648602712342e-06,0.0014334543088538913,0.0015527310927889468,0.00017672990901737316,1.213240624540036e-05,1.0612887706542737e-05,7.036800651787753e-05,0.0021934179486680747,1.406008822685252e-06,0.00048442926190456117,0.0005387364559723687,0.0077816600071219325,1.5480185825581286e-05,0.0017502618535032376,0.0019983531205968667
145,7.865771812080537e-07,0.0008166563666184505,6.311712879711153e-06,0.00015403120619027146,0.0002232192731757568,0.0027300452095301722,2.96439516563002e-07,0.0005856685364891396,0.0006825494966554262,0.00730726020519008,3.1209882039644996e-07,0.0016095602212076409,0.0018455121924091573,0.00011287344472342572,7.845105525672934e-06,6.6720468605707545e-06,4.505828453584686e-05,0.00189363485673366,4.0182630588235606e-06,0.0004313015008942065,0.00045885124023469534,0.007074587309801313,2.2089806719487115e-05,0.0015948869381708845,0.0018281524129143834
146,7.899328859060402e-07,0.0006742235632761585,2.7677782750332336e-07,0.00013226914660638094,0.00017186187407359764,0.0026023094800496373,3.013459281215885e-06,0.0005410761959860767,0.0006533457424851494,0.007353601051290107,7.86492563747581e-06,0.0015632203674118632,0.0018859440984915665,6.296563264008828e-05,4.421754064119009e-06,3.6688995094370126e-06,2.518975263158572e-05,0.0015944629855110524,7.807869548853996e-06,0.0003768289911835539,0.00038070039778845954,0.006313994898053274,2.930522092935571e-05,0.0014281447172957407,0.0016430503575320223
147,7.932885906040268e-07,0.00046948876554032504,2.1593393760956935e-06,0.00010130935929203861,0.00010997941423442833,0.002150762335219479,1.49624683770268e-05,0.00043711750924662566,0.0005448327314083181,0.0064389873345260815,2.4069513867792467e-05,0.0013223026638998516,0.0016802806941838258,2.7585572967961096e-05,1.9478254141728513e-06,1.5904228072862485e-06,1.1048437553132315e-05,0.0013050393322543697,1.2592167420233536e-05,0.00032273365535907356,0.00030659175813496224,0.0055266498223895035,3.6842138887510905e-05,0.0012558781522103303,0.0014496595728101247
148,7.966442953020134e-07,0.0002574400810361161,1.1153157149513288e-05,6.941693229007525e-05,5.385304475120576e-05,0.0015075948112209686,3.264635486120851e-05,0.00030357677205102376,0.00038885886511227523,0.004857231261877453,4.431804735874353e-05,0.0009611511080234469,0.0012962956223174962,6.757073616475194e-06,4.706678534426123e-07,3.9141818801357353e-07,2.6986072759976736e-06,0.0010333337002384677,1.8162534370809273e-05,0.00027055655586046256,0.0002384826326849523,0.004737322986615391,4.441899485440842e-05,0.0010834593766485985,0.0012541549221954762
149,8e-07,9.074701383727645e-05,2.4648646145434668e-05,4.435653786458453e-05,1.706514237542951e-05,0.0008417252167651163,5.1252236871060625e-05,0.00017487859337706737,0.00022641487240057374,0.003036583318524391,6.317752913426781e-05,0.0005757484444753654,0.000838772119603289,9.870575509029874e-13,3.868966588667689e-10,1.9394455161737176e-10,1.0674188939977768e-10,0.0007859926528494716,2.4293539046654057e-05,0.00022162452817124883,0.00017794703492108831,0.003968205939999616,5.1766800719476217e-05,0.0009156683863959356,0.0010621224507140485
